"Company";"TypeName";"Inches";"Resolution_Width";"Resolution_Height";"Touchscreen_or_Not";"CPU_Brand";"CPU_Name";"CPU_Speed(in GHz)";"Ram";"Memory_Type";"Primary_Memory";"Secondary_Memory";"Gpu_Brand";"Weight";"Price";"OpSys_Standardized"
"Apple";"Ultrabook";13.3;2560;1600;0;"Intel";"Core i5";2.3;8;"SSD";128;0;"Intel";1.37;71379;"macOS"
"Apple";"Ultrabook";13.3;1440;900;0;"Intel";"Core i5";1.8;8;"Flash Storage";128;0;"Intel";1.34;47896;"macOS"
"HP";"Notebook";15.6;1920;1080;0;"Intel";"Core i5";2.5;8;"SSD";256;0;"Intel";1.86;30636;"N/A"
"Apple";"Ultrabook";15.4;2880;1800;0;"Intel";"Core i7";2.7;16;"SSD";512;0;"AMD";1.83;135195;"macOS"
"Apple";"Ultrabook";13.3;2560;1600;0;"Intel";"Core i5";3.1;8;"SSD";256;0;"Intel";1.37;96096;"macOS"
"Acer";"Notebook";15.6;1366;768;0;"AMD";"A9-Series 9420";3.0;4;"HDD";500;0;"AMD";2.1;21312;"Windows"
"Apple";"Ultrabook";15.4;2880;1800;0;"Intel";"Core i7";2.2;16;"Flash Storage";256;0;"Intel";2.04;114018;"Others"
"Apple";"Ultrabook";13.3;1440;900;0;"Intel";"Core i5";1.8;8;"Flash Storage";256;0;"Intel";1.34;61736;"macOS"
"Asus";"Ultrabook";14.0;1920;1080;0;"Intel";"Core i7";1.8;16;"SSD";512;0;"Nvidia";1.3;79654;"Windows"
"Acer";"Ultrabook";14.0;1920;1080;0;"Intel";"Core i5";1.6;8;"SSD";256;0;"Intel";1.6;41026;"Windows"
"HP";"Notebook";15.6;1366;768;0;"Intel";"Core i5";2.5;4;"HDD";500;0;"Intel";1.86;20987;"N/A"
"HP";"Notebook";15.6;1920;1080;0;"Intel";"Core i3";2.0;4;"HDD";500;0;"Intel";1.86;18381;"N/A"
"Apple";"Ultrabook";15.4;2880;1800;0;"Intel";"Core i7";2.8;16;"SSD";256;0;"AMD";1.83;130002;"macOS"
"Dell";"Notebook";15.6;1920;1080;0;"Intel";"Core i3";2.0;4;"SSD";256;0;"AMD";2.2;26581;"Windows"
"Apple";"Ultrabook";12.0;2304;1440;0;"Intel";"Core M";1.2;8;"SSD";256;0;"Intel";0.92;67261;"macOS"
"Apple";"Ultrabook";13.3;2560;1600;0;"Intel";"Core i5";2.3;8;"SSD";256;0;"Intel";1.37;80908;"macOS"
"Dell";"Notebook";15.6;1920;1080;0;"Intel";"Core i7";2.7;8;"SSD";256;0;"AMD";2.2;39694;"Windows"
"Apple";"Ultrabook";15.4;2880;1800;0;"Intel";"Core i7";2.9;16;"SSD";512;0;"AMD";1.83;152274;"macOS"
"Lenovo";"Notebook";15.6;1920;1080;0;"Intel";"Core i3";2.4;8;"HDD";1024;0;"Nvidia";2.2;26587;"N/A"
"Dell";"Ultrabook";13.3;1920;1080;1;"Intel";"Core i5";1.6;8;"SSD";128;0;"Intel";1.22;52161;"Windows"
"Lenovo";"Gaming";15.6;1920;1080;0;"Intel";"Core i5";2.5;8;"Hybrid";128;1024;"Nvidia";2.5;53227;"Windows"
"HP";"Notebook";15.6;1366;768;0;"AMD";"E-Series E2-9000e";1.5;4;"HDD";500;0;"AMD";1.86;13746;"N/A"
"Dell";"2 in 1 Convertible";13.3;1920;1080;1;"Intel";"Core i5";1.6;8;"SSD";256;0;"Intel";1.62;43636;"Windows"
"HP";"Ultrabook";15.6;1920;1080;0;"Intel";"Core i7";1.8;8;"SSD";256;0;"Intel";1.91;35112;"Windows"
"Dell";"Notebook";15.6;1366;768;0;"Intel";"Core i3";2.0;4;"HDD";1024;0;"Intel";2.3;22305;"Windows"
"Apple";"Ultrabook";13.3;1440;900;0;"Intel";"Core i5";1.6;8;"Flash Storage";128;0;"Intel";1.35;58555;"Others"
"Dell";"Notebook";15.6;1920;1080;0;"Intel";"Core i5";1.6;8;"SSD";256;0;"AMD";2.2;42624;"Windows"
"Dell";"Ultrabook";15.6;1920;1080;0;"Intel";"Core i7";1.9;8;"SSD";256;256;"Intel";1.88;69157;"Windows"
"HP";"Notebook";17.3;1920;1080;0;"Intel";"Core i5";1.6;8;"HDD";1024;0;"Nvidia";2.5;47739;"Windows"
"Chuwi";"Notebook";15.6;1920;1080;0;"Intel";"Atom x5-Z8300";1.44;4;"Flash Storage";64;0;"Intel";1.89;13053;"Windows"
"Asus";"Notebook";14.0;1366;768;0;"AMD";"E-Series E2-6110";1.5;2;"Flash Storage";32;0;"AMD";1.65;10603;"Windows"
"HP";"Notebook";17.3;1920;1080;0;"AMD";"A6-Series 9220";2.5;4;"HDD";500;0;"AMD";2.71;23390;"Windows"
"Dell";"Ultrabook";13.3;3200;1800;1;"Intel";"Core i7";1.8;16;"SSD";512;0;"Intel";1.2;99580;"Windows"
"Apple";"Ultrabook";13.3;1440;900;0;"Intel";"Core i5";1.6;8;"Flash Storage";256;0;"Intel";1.35;53173;"Others"
"Lenovo";"Notebook";14.0;1366;768;0;"Intel";"Celeron Dual";1.1;4;"Flash Storage";64;0;"Intel";1.44;13267;"Windows"
"Acer";"Notebook";15.6;1366;768;0;"Intel";"Core i3";2.7;4;"HDD";1024;0;"Intel";2.1;19554;"Linux"
"Dell";"Notebook";17.3;1920;1080;0;"Intel";"Core i5";1.6;8;"Hybrid";128;1024;"AMD";2.8;52161;"Windows"
"HP";"Notebook";15.6;1366;768;0;"Intel";"Core i5";2.5;4;"HDD";1024;0;"Intel";1.86;26037;"Windows"
"HP";"Notebook";15.6;1920;1080;0;"Intel";"Core i5";1.6;8;"SSD";256;0;"Nvidia";2.1;46833;"Windows"
"Asus";"Notebook";15.6;1920;1080;0;"Intel";"Core i3";2.0;4;"HDD";1024;0;"Intel";2.0;20726;"Linux"
"Dell";"Gaming";15.6;1920;1080;0;"Intel";"Core i7";2.8;16;"Hybrid";256;1024;"Nvidia";2.65;79867;"Windows"
"Asus";"Notebook";15.6;1366;768;0;"Intel";"Core i5";2.5;8;"HDD";1024;0;"Nvidia";2.3;27865;"Linux"
"Acer";"Notebook";15.6;1920;1080;0;"Intel";"Core i5";1.6;4;"SSD";256;0;"Intel";2.2;36337;"Windows"
"Dell";"2 in 1 Convertible";17.3;1920;1080;1;"Intel";"Core i5";1.6;12;"HDD";1024;0;"Nvidia";2.77;53227;"Windows"
"Apple";"Ultrabook";13.3;2560;1600;0;"Intel";"Core i5";2.0;8;"SSD";256;0;"Intel";1.37;75604;"macOS"
"Asus";"Gaming";17.3;1920;1080;0;"AMD";"Ryzen 1700";3.0;8;"Hybrid";256;1024;"AMD";3.2;69211;"Windows"
"Dell";"Notebook";15.6;1920;1080;0;"Intel";"Core i5";2.5;4;"SSD";256;0;"AMD";2.3;34046;"Windows"
"Asus";"Notebook";17.3;1366;768;0;"Intel";"Pentium Quad";1.1;4;"HDD";1024;0;"Nvidia";2.8;24828;"Windows"
"Acer";"Notebook";15.6;1920;1080;0;"Intel";"Core i7";1.8;8;"SSD";256;0;"Nvidia";2.2;44808;"Windows"
"HP";"Notebook";15.6;1920;1080;0;"AMD";"A6-Series 9220";2.5;4;"SSD";256;0;"AMD";1.86;21232;"Windows"
"HP";"Notebook";13.3;1920;1080;0;"Intel";"Core i7";1.8;8;"SSD";512;0;"Intel";1.49;58768;"Windows"
"Acer";"Notebook";15.6;1366;768;0;"Intel";"Core i3";2.4;4;"HDD";1024;0;"Intel";2.4;20460;"Windows"
"Dell";"Notebook";15.6;1920;1080;0;"Intel";"Core i7";1.8;8;"SSD";256;0;"AMD";2.13;40908;"Windows"
"HP";"Notebook";15.6;1920;1080;0;"Intel";"Core i3";2.0;4;"SSD";128;0;"Intel";1.91;23390;"Windows"
"Asus";"Notebook";15.6;1366;768;0;"Intel";"Core i5";2.5;4;"SSD";256;0;"Intel";2.0;31232;"Windows"
"MSI";"Gaming";17.3;1920;1080;0;"Intel";"Core i7";2.8;16;"Hybrid";256;2048;"Nvidia";2.43;130483;"Windows"
"Asus";"Notebook";15.6;1920;1080;0;"Intel";"Core i3";2.0;4;"SSD";256;0;"Intel";2.0;22111;"Linux"
"Dell";"Notebook";17.3;1920;1080;0;"Intel";"Core i7";1.8;16;"Hybrid";256;2048;"AMD";2.8;69211;"Windows"
"Dell";"Ultrabook";14.0;1920;1080;0;"Intel";"Core i5";1.6;8;"SSD";256;0;"Intel";1.7;46833;"Windows"
"Lenovo";"Notebook";14.0;1920;1080;0;"Intel";"Core i3";2.7;8;"SSD";256;0;"Intel";1.7;31915;"N/A"
"Asus";"Notebook";14.0;1920;1080;0;"Intel";"Core i5";1.6;8;"SSD";256;0;"Intel";1.4;50136;"Windows"
"HP";"Notebook";15.6;1920;1080;0;"Intel";"Core i5";2.5;8;"SSD";256;0;"Intel";1.86;36763;"Windows"
"Asus";"Ultrabook";15.6;1920;1080;0;"Intel";"Core i7";2.8;16;"SSD";512;0;"Nvidia";1.8;105654;"Windows"
"HP";"Notebook";15.6;1366;768;0;"Intel";"Core i3";2.0;4;"HDD";500;0;"AMD";1.86;23373;"Windows"
"HP";"Notebook";14.0;1366;768;0;"Intel";"Celeron Dual";1.6;4;"SSD";32;0;"Intel";1.44;12201;"Windows"
"Lenovo";"Notebook";15.6;1920;1080;0;"Intel";"Core i5";2.5;4;"HDD";1024;0;"Intel";1.9;29251;"Windows"
"Asus";"Gaming";17.3;1920;1080;0;"Intel";"Core i7";2.8;12;"HDD";1024;0;"Nvidia";3.0;50563;"Linux"
"Microsoft";"Ultrabook";13.5;2256;1504;1;"Intel";"Core i5";2.5;4;"SSD";128;0;"Intel";1.25;58022;"Windows"
"Dell";"Ultrabook";13.3;1920;1080;0;"Intel";"Core i7";1.8;64;"SSD";256;0;"AMD";1.4;50882;"Windows"
"Dell";"Notebook";15.6;1920;1080;0;"Intel";"Core i7";1.8;8;"SSD";256;0;"AMD";2.2;46354;"Windows"
"MSI";"Gaming";17.3;1920;1080;0;"Intel";"Core i5";2.5;8;"Hybrid";128;1024;"Nvidia";2.7;58342;"Windows"
"Acer";"Notebook";14.0;1366;768;0;"Intel";"Core i3";2.0;8;"HDD";1024;0;"Intel";2.1;20726;"Windows"
"Asus";"Gaming";15.6;1920;1080;0;"Intel";"Core i7";2.8;8;"HDD";1024;0;"Nvidia";2.2;50563;"Windows"
"Lenovo";"Notebook";15.6;1920;1080;0;"Intel";"Core i5";2.5;8;"HDD";2048;0;"Intel";2.2;27652;"N/A"
"Dell";"Notebook";15.6;1920;1080;0;"Intel";"Core i7";1.8;8;"Hybrid";128;1024;"Intel";2.02;45554;"Windows"
"Acer";"Notebook";15.6;1920;1080;0;"Intel";"Core i3";2.7;4;"HDD";1024;0;"Nvidia";2.2;28238;"Windows"
"HP";"Notebook";17.3;1920;1080;0;"Intel";"Core i5";1.6;8;"Hybrid";128;1024;"Nvidia";2.5;52055;"Windows"
"Dell";"Ultrabook";15.6;1920;1080;0;"Intel";"Core i5";1.6;8;"SSD";256;0;"Intel";1.88;58403;"Windows"
"Apple";"Ultrabook";12.0;2304;1440;0;"Intel";"Core i5";1.3;8;"SSD";512;0;"Intel";0.92;80453;"macOS"
"HP";"Notebook";14.0;1920;1080;0;"Intel";"Core i5";1.6;8;"SSD";256;0;"Intel";1.63;45821;"Windows"
"Lenovo";"Notebook";15.6;1920;1080;0;"AMD";"A6-Series 9220";2.5;4;"SSD";128;0;"AMD";2.2;21259;"Windows"
"Acer";"Notebook";15.6;1366;768;0;"AMD";"A9-Series 9420";3.0;4;"HDD";1024;0;"AMD";2.1;21046;"Windows"
"Dell";"Gaming";15.6;1920;1080;0;"Intel";"Core i7";2.8;16;"Hybrid";128;1024;"Nvidia";2.65;71875;"Windows"
"HP";"Ultrabook";15.6;1920;1080;0;"Intel";"Core i7";1.8;8;"SSD";256;0;"Nvidia";1.83;37243;"Windows"
"HP";"Notebook";15.6;1920;1080;0;"Intel";"Core i5";2.5;8;"SSD";256;0;"Intel";1.96;31914;"Windows"
"Asus";"Gaming";15.6;1920;1080;0;"Intel";"Core i7";2.8;16;"Hybrid";128;1024;"Nvidia";2.2;77203;"Windows"
"Dell";"Ultrabook";13.3;1920;1080;0;"Intel";"Core i7";1.8;8;"SSD";256;0;"Intel";1.21;87859;"Windows"
"Asus";"Gaming";15.6;1920;1080;0;"AMD";"FX 9830P";3.0;8;"HDD";1024;0;"AMD";2.45;37243;"Windows"
"Acer";"Notebook";15.6;1920;1080;0;"Intel";"Core i7";1.8;2;"HDD";1024;0;"Nvidia";2.2;36710;"Windows"
"HP";"Notebook";13.3;1920;1080;0;"Intel";"Core i7";1.8;16;"SSD";512;0;"Intel";1.49;63776;"Windows"
"Dell";"Gaming";15.6;1920;1080;0;"Intel";"Core i5";2.5;8;"SSD";256;0;"Nvidia";2.65;63670;"Windows"
"Asus";"Ultrabook";14.0;1920;1080;0;"Intel";"Core i7";2.7;8;"SSD";256;0;"Intel";1.25;55891;"Windows"
"Acer";"2 in 1 Convertible";13.3;1920;1080;1;"Intel";"Core i5";1.6;8;"SSD";256;0;"Intel";1.5;45128;"Windows"
"Dell";"Notebook";15.6;1920;1080;0;"Intel";"Core i7";2.7;8;"HDD";1024;0;"AMD";2.2;31963;"Linux"
"Dell";"Notebook";15.6;1920;1080;0;"Intel";"Core i3";2.0;4;"SSD";256;0;"AMD";2.2;25841;"Linux"
"Asus";"Notebook";15.6;1920;1080;0;"Intel";"Core i3";2.4;6;"SSD";256;0;"Nvidia";2.0;30743;"Windows"
"HP";"Gaming";15.6;1920;1080;0;"Intel";"Core i7";2.8;12;"Hybrid";128;1024;"Nvidia";2.62;66547;"Windows"
"HP";"Notebook";15.6;1920;1080;0;"Intel";"Core i7";2.7;8;"SSD";256;0;"AMD";1.91;38308;"Windows"
"HP";"Notebook";15.6;1920;1080;0;"AMD";"E-Series E2-9000e";1.5;4;"HDD";500;0;"AMD";2.1;18595;"Windows"
"Dell";"Notebook";15.6;1920;1080;0;"Intel";"Core i5";1.6;8;"HDD";1024;0;"AMD";2.2;34472;"Linux"
"HP";"Ultrabook";13.3;1920;1080;0;"Intel";"Core i7";2.7;8;"SSD";256;0;"Nvidia";1.38;59620;"Windows"
"Microsoft";"Ultrabook";13.5;2256;1504;1;"Intel";"Core i5";2.5;8;"SSD";256;0;"Intel";1.25;71395;"Windows"
"HP";"Notebook";14.0;1920;1080;0;"Intel";"Core i5";2.5;6;"SSD";256;0;"Nvidia";1.58;35112;"Windows"
"Lenovo";"Notebook";15.6;1920;1080;0;"Intel";"Core i3";2.0;4;"HDD";1024;0;"Intel";1.85;22106;"Windows"
"Asus";"Ultrabook";14.0;1920;1080;0;"Intel";"Core i7";2.7;8;"SSD";256;0;"Nvidia";1.3;63563;"Windows"
"MSI";"Gaming";15.6;1920;1080;0;"Intel";"Core i7";2.8;16;"Hybrid";256;1024;"Nvidia";2.2;69211;"Windows"
"Lenovo";"Notebook";14.0;1920;1080;0;"Intel";"Core i7";2.7;8;"SSD";256;0;"Intel";1.58;78854;"Windows"
"Asus";"Ultrabook";15.6;1920;1080;0;"Intel";"Core i7";1.8;16;"Hybrid";256;1024;"Nvidia";1.5;67239;"Windows"
"Dell";"Ultrabook";13.3;3200;1800;1;"Intel";"Core i7";2.4;8;"SSD";256;0;"Intel";1.23;73473;"Windows"
"Lenovo";"2 in 1 Convertible";13.3;1920;1080;1;"Intel";"Core i5";2.5;8;"SSD";256;0;"Intel";1.37;74539;"Windows"
"HP";"Notebook";14.0;1366;768;0;"Intel";"Core i5";1.6;4;"HDD";500;0;"Intel";1.63;38468;"Windows"
"Dell";"Ultrabook";13.3;1920;1080;0;"Intel";"Core i5";1.6;8;"SSD";256;0;"Intel";1.21;86793;"Windows"
"HP";"Notebook";14.0;1920;1080;0;"Intel";"Core i7";1.8;8;"SSD";512;0;"Intel";1.63;57756;"Windows"
"Dell";"Notebook";15.6;1920;1080;0;"Intel";"Core i7";1.8;8;"Hybrid";256;1024;"Nvidia";2.16;60224;"Windows"
"Asus";"Notebook";17.3;1920;1080;0;"Intel";"Core i3";2.0;4;"HDD";1024;0;"Nvidia";2.0;30050;"Windows"
"Asus";"Notebook";15.6;1920;1080;0;"Intel";"Core i7";1.8;8;"SSD";256;0;"Nvidia";1.7;59567;"Windows"
"Acer";"Notebook";15.6;1920;1080;1;"Intel";"Core i3";2.4;6;"HDD";1024;0;"Intel";2.1;25521;"Windows"
"MSI";"Gaming";15.6;1920;1080;0;"Intel";"Core i7";2.8;16;"Hybrid";256;2048;"Nvidia";1.8;119427;"Windows"
"Lenovo";"Notebook";15.6;1920;1080;0;"Intel";"Core i5";2.5;8;"SSD";256;0;"Nvidia";2.2;33513;"N/A"
"HP";"Notebook";17.3;1920;1080;0;"Intel";"Core i7";1.8;16;"SSD";512;0;"Nvidia";2.5;67719;"Windows"
"Acer";"Notebook";15.6;1366;768;0;"AMD";"A9-Series 9420";3.0;4;"SSD";256;0;"AMD";2.1;24029;"Windows"
"HP";"Notebook";14.0;1920;1080;0;"Intel";"Core i5";1.6;8;"HDD";1024;0;"Intel";1.63;43263;"Windows"
"Asus";"Notebook";14.0;1366;768;0;"AMD";"E-Series 6110";1.5;4;"SSD";64;0;"AMD";1.65;14811;"Windows"
"Dell";"Notebook";17.3;1920;1080;0;"Intel";"Core i7";1.8;16;"Hybrid";256;2048;"AMD";2.8;74379;"Windows"
"HP";"Notebook";17.3;1920;1080;0;"Intel";"Core i5";1.6;8;"SSD";256;0;"Intel";2.5;49444;"Windows"
"Dell";"Notebook";15.6;1366;768;0;"Intel";"Core i5";2.5;8;"HDD";1024;0;"AMD";2.36;34045;"Windows"
"Dell";"Notebook";15.6;1920;1080;0;"Intel";"Core i3";2.0;4;"HDD";1024;0;"AMD";2.2;23923;"Windows"
"Acer";"Ultrabook";14.0;1920;1080;0;"Intel";"Core i7";1.8;8;"SSD";256;0;"Intel";1.6;47100;"Windows"
"Acer";"Notebook";15.6;1920;1080;0;"Intel";"Core i3";2.7;4;"SSD";256;0;"Nvidia";7.2;30476;"Windows"
"HP";"Notebook";15.6;1366;768;0;"Intel";"Core i7";2.7;8;"HDD";1024;0;"Intel";2.05;31861;"Windows"
"HP";"Notebook";14.0;1920;1080;0;"Intel";"Core i7";1.8;8;"SSD";256;0;"Intel";1.63;52641;"Windows"
"Lenovo";"Notebook";15.6;1366;768;0;"Intel";"Celeron Dual";1.1;4;"HDD";1024;0;"Intel";1.9;13446;"N/A"
"Asus";"Gaming";17.3;1920;1080;0;"Intel";"Core i5";2.5;8;"Hybrid";128;1024;"Nvidia";3.0;49977;"Windows"
"Lenovo";"Notebook";15.6;1920;1080;0;"Intel";"Core i5";2.5;4;"HDD";1024;0;"Nvidia";2.2;26587;"N/A"
"HP";"Notebook";13.3;1920;1080;0;"Intel";"Core i5";2.5;4;"SSD";256;0;"Intel";1.32;37243;"Windows"
"Acer";"Notebook";17.3;1920;1080;0;"Intel";"Core i3";2.7;4;"HDD";1024;0;"Nvidia";3.0;34898;"Windows"
"Lenovo";"Notebook";14.0;1920;1080;0;"Intel";"Core i5";1.6;8;"SSD";256;0;"AMD";1.75;59462;"Windows"
"Lenovo";"Gaming";15.6;1920;1080;0;"Intel";"Core i7";2.8;8;"SSD";256;0;"Nvidia";2.4;46300;"N/A"
"Toshiba";"Notebook";15.6;1366;768;0;"Intel";"Core i5";2.3;4;"HDD";500;0;"Intel";2.1;32075;"Windows"
"HP";"Notebook";15.6;1366;768;0;"AMD";"A6-Series 9220";2.5;4;"SSD";256;0;"AMD";1.86;19660;"Windows"
"Asus";"Ultrabook";14.0;1920;1080;0;"Intel";"Core i7";1.8;8;"SSD";256;0;"Intel";1.25;58555;"Windows"
"HP";"Ultrabook";12.5;3840;2160;1;"Intel";"Core M";1.2;8;"SSD";512;0;"Intel";0.97;107306;"Windows"
"Asus";"Notebook";15.6;1920;1080;0;"Intel";"Celeron Dual";1.1;4;"HDD";1024;0;"Intel";2.0;18328;"Windows"
"Acer";"Notebook";15.6;1366;768;0;"Intel";"Core i3";2.0;4;"HDD";1024;0;"Intel";2.1;23816;"Windows"
"Dell";"Gaming";15.6;1920;1080;0;"Intel";"Core i7";2.8;16;"SSD";512;0;"Nvidia";2.56;66561;"Windows"
"Dell";"Gaming";15.6;1920;1080;0;"Intel";"Core i7";2.8;8;"";1024;0;"Nvidia";2.62;47899;"Windows"
"Lenovo";"Notebook";15.6;1366;768;0;"Intel";"Core i5";2.5;4;"SSD";128;0;"Intel";1.9;26533;"Windows"
"MSI";"Gaming";17.3;1920;1080;0;"Intel";"Core i7";2.8;16;"Hybrid";256;1024;"Nvidia";2.8;100699;"Windows"
"HP";"Ultrabook";14.0;1920;1080;0;"Intel";"Core i5";2.7;4;"SSD";256;0;"Intel";1.48;57649;"Windows"
"HP";"Notebook";15.6;1920;1080;0;"Intel";"Core i5";1.6;6;"SSD";256;0;"AMD";1.91;32980;"Windows"
"Lenovo";"2 in 1 Convertible";14.0;1920;1080;1;"Intel";"Core i3";2.4;4;"SSD";256;0;"Intel";1.74;33513;"Windows"
"Asus";"2 in 1 Convertible";13.3;1920;1080;1;"Intel";"Core i5";1.6;8;"SSD";256;0;"Intel";1.1;70063;"Windows"
"Dell";"2 in 1 Convertible";15.6;1920;1080;1;"Intel";"Core i7";1.8;8;"SSD";256;0;"Intel";1.56;55891;"Windows"
"Toshiba";"Notebook";15.6;1366;768;0;"Intel";"Core i3";2.2;4;"HDD";500;0;"Intel";2.1;23816;"Windows"
"Asus";"Notebook";15.6;1366;768;0;"AMD";"A9-Series 9420";3.0;4;"HDD";1024;0;"AMD";2.03;21472;"Windows"
"Acer";"Notebook";17.3;1920;1080;0;"Intel";"Core i5";1.6;4;"SSD";256;0;"Nvidia";3.0;42890;"Windows"
"Dell";"Notebook";15.6;1920;1080;0;"Intel";"Core i5";1.6;8;"SSD";256;0;"AMD";2.13;38788;"Windows"
"Lenovo";"Gaming";15.6;1920;1080;0;"Intel";"Core i7";2.8;16;"SSD";256;0;"Nvidia";2.5;57489;"Windows"
"Acer";"Notebook";15.6;1366;768;0;"Intel";"Celeron Dual";1.1;4;"HDD";1024;0;"Intel";2.1;18541;"Windows"
"MSI";"Gaming";15.6;1920;1080;0;"Intel";"Core i7";2.8;16;"Hybrid";256;1024;"Nvidia";2.4;95851;"Windows"
"Acer";"Notebook";15.6;1366;768;0;"Intel";"Pentium Quad";1.1;4;"HDD";1024;0;"Intel";2.1;19368;"Windows"
"Dell";"Gaming";15.6;1920;1080;0;"Intel";"Core i7";2.8;8;"Hybrid";128;1024;"Nvidia";2.56;56503;"Windows"
"Acer";"Notebook";17.3;1920;1080;0;"Intel";"Core i5";1.6;8;"SSD";256;0;"Nvidia";3.0;45501;"Windows"
"HP";"Notebook";13.3;1920;1080;0;"Intel";"Core i5";1.6;4;"HDD";500;0;"Intel";1.49;40173;"Windows"
"Huawei";"Ultrabook";13.0;2160;1440;0;"Intel";"Core i5";2.5;8;"SSD";256;0;"Intel";1.05;71875;"Windows"
"HP";"Notebook";17.3;1920;1080;0;"Intel";"Core i5";2.5;6;"HDD";2048;0;"AMD";2.71;37243;"Windows"
"Lenovo";"Notebook";15.6;1366;768;0;"AMD";"A6-Series 9220";2.9;4;"HDD";500;0;"AMD";2.2;16464;"N/A"
"Toshiba";"Notebook";15.6;1366;768;0;"Intel";"Core i3";2.4;4;"HDD";500;0;"Intel";5.4;26054;"Windows"
"HP";"Notebook";17.3;1920;1080;0;"Intel";"Core i5";1.6;8;"SSD";256;0;"Nvidia";2.5;49177;"Windows"
"Dell";"Notebook";15.6;1366;768;0;"Intel";"Core i3";2.4;8;"HDD";1024;0;"Intel";2.3;24456;"Windows"
"Acer";"Notebook";15.6;1366;768;0;"Intel";"Core i3";2.0;4;"SSD";128;0;"Intel";2.1;23923;"Windows"
"MSI";"Gaming";18.4;1920;1080;0;"Intel";"Core i7";2.9;32;"Hybrid";512;1024;"Nvidia";4.4;149131;"Windows"
"Lenovo";"Notebook";15.6;1920;1080;0;"Intel";"Core i5";2.5;8;"Hybrid";128;1024;"AMD";1.9;43317;"Windows"
"HP";"2 in 1 Convertible";13.3;3840;2160;1;"Intel";"Core i5";1.6;8;"SSD";256;0;"Intel";1.29;79867;"Windows"
"Dell";"Notebook";15.6;1920;1080;0;"Intel";"Core i7";1.8;16;"Hybrid";256;2048;"AMD";2.02;55891;"Linux"
"Dell";"Ultrabook";13.3;1920;1080;0;"Intel";"Core i5";1.6;8;"SSD";256;0;"Intel";1.23;74539;"Windows"
"Lenovo";"2 in 1 Convertible";13.9;3840;2160;1;"Intel";"Core i7";1.8;16;"SSD";512;0;"Intel";1.4;98515;"Windows"
"Toshiba";"Notebook";15.6;1366;768;0;"Intel";"Core i5";2.5;8;"SSD";128;0;"Intel";2.0;42251;"Windows"
"Xiaomi";"Notebook";15.6;1920;1080;0;"Intel";"Core i5";1.6;8;"SSD";256;0;"Nvidia";1.95;63883;"N/A"
"Dell";"Notebook";17.3;1920;1080;1;"Intel";"Core i7";1.8;16;"SSD";512;0;"Nvidia";2.77;82531;"Windows"
"Dell";"Notebook";15.6;3840;2160;1;"Intel";"Core i7";2.8;16;"SSD";512;0;"Nvidia";2.06;127712;"Windows"
"Lenovo";"Gaming";15.6;1920;1080;0;"Intel";"Core i5";2.5;8;"SSD";256;0;"Nvidia";2.4;41505;"N/A"
"Acer";"Ultrabook";13.3;1920;1080;0;"Intel";"Core i5";1.2;8;"SSD";256;0;"Intel";1.12;52694;"Windows"
"Dell";"Notebook";17.3;1920;1080;0;"Intel";"Core i7";1.8;8;"Hybrid";128;1024;"AMD";2.8;57809;"Windows"
"Vero";"Notebook";14.0;1920;1080;0;"Intel";"Celeron Dual";1.1;4;"Flash Storage";32;0;"Intel";1.3;13853;"Windows"
"Xiaomi";"Ultrabook";13.3;1920;1080;0;"Intel";"Core i5";2.5;8;"SSD";256;0;"Nvidia";1.3;53275;"N/A"
"Lenovo";"Notebook";17.3;1600;900;0;"Intel";"Core i5";1.6;8;"SSD";256;0;"Nvidia";2.8;37189;"N/A"
"Dell";"2 in 1 Convertible";13.3;1920;1080;1;"Intel";"Core i7";1.8;8;"HDD";1024;0;"Intel";1.62;44702;"Windows"
"HP";"Notebook";17.3;1920;1080;0;"Intel";"Core i5";1.6;8;"HDD";1024;0;"Nvidia";2.5;48698;"Windows"
"Razer";"Gaming";17.3;3840;2160;1;"Intel";"Core i7";2.9;32;"SSD";1024;0;"Nvidia";3.49;324955;"Windows"
"HP";"Notebook";13.3;1920;1080;0;"Intel";"Core i5";1.6;8;"SSD";512;0;"Intel";1.49;51096;"Windows"
"HP";"Gaming";17.3;1920;1080;0;"Intel";"Core i7";2.8;16;"Hybrid";256;1024;"Nvidia";3.35;73473;"Windows"
"HP";"Notebook";17.3;1920;1080;0;"Intel";"Core i7";1.8;8;"SSD";256;0;"Nvidia";2.5;55678;"Windows"
"Dell";"Gaming";15.6;3840;2160;0;"Intel";"Core i7";2.8;16;"Hybrid";512;1024;"Nvidia";2.65;98302;"Windows"
"Lenovo";"Notebook";15.6;1366;768;0;"Intel";"Core i5";2.3;4;"SSD";128;0;"Intel";2.1;26267;"Windows"
"Acer";"Notebook";15.6;1920;1080;0;"Intel";"Core i7";2.7;8;"HDD";1024;0;"Nvidia";2.23;39534;"Windows"
"Lenovo";"Gaming";15.6;1920;1080;0;"Intel";"Core i7";2.8;16;"Hybrid";512;1024;"Nvidia";3.2;93187;"Windows"
"Dell";"Workstation";15.6;3840;2160;0;"Intel";"Xeon E3-1505M";3.0;16;"Hybrid";256;1024;"Nvidia";2.8;162770;"Windows"
"Lenovo";"Gaming";15.6;1920;1080;0;"Intel";"Core i7";2.8;16;"SSD";512;0;"Nvidia";2.4;74485;"N/A"
"Dell";"Notebook";15.6;1366;768;1;"Intel";"Core i3";2.4;6;"HDD";1024;0;"Intel";2.3;23390;"Windows"
"Dell";"Ultrabook";13.3;3840;2160;1;"Intel";"Core i7";1.8;8;"SSD";256;0;"Intel";1.21;103843;"Windows"
"Dell";"Ultrabook";13.3;1920;1080;0;"Intel";"Core i7";1.8;8;"SSD";256;0;"Intel";0.0;77203;"Windows"
"Acer";"Notebook";15.6;1920;1080;0;"Intel";"Core i7";2.8;8;"HDD";1024;0;"Nvidia";2.4;41505;"Linux"
"Asus";"Gaming";17.3;1920;1080;0;"Intel";"Core i7";2.8;16;"Hybrid";256;1024;"Nvidia";2.9;74965;"Windows"
"HP";"Notebook";15.6;1920;1080;0;"Intel";"Core i3";2.0;4;"HDD";500;0;"Intel";2.1;18595;"N/A"
"Lenovo";"Notebook";15.6;1920;1080;0;"Intel";"Core i5";2.5;8;"SSD";256;0;"Intel";2.2;29251;"N/A"
"Huawei";"Ultrabook";13.0;2160;1440;0;"Intel";"Core i7";2.7;8;"SSD";512;0;"Intel";1.05;79867;"Windows"
"Dell";"Ultrabook";13.3;1920;1080;0;"Intel";"Core i7";1.8;8;"SSD";256;0;"AMD";1.4;49651;"Windows"
"Lenovo";"Notebook";17.3;1600;900;0;"Intel";"Core i5";2.5;8;"HDD";1024;0;"Nvidia";2.8;31382;"N/A"
"HP";"Notebook";14.0;1920;1080;0;"Intel";"Core i7";1.8;8;"SSD";256;0;"Nvidia";1.63;54932;"Windows"
"Dell";"Ultrabook";14.0;1920;1080;0;"Intel";"Core i5";1.6;8;"SSD";256;0;"Intel";1.6;61219;"Windows"
"Dell";"2 in 1 Convertible";13.3;1920;1080;1;"Intel";"Core i7";1.8;16;"SSD";512;0;"Intel";1.62;68145;"Windows"
"Dell";"Notebook";15.6;1920;1080;0;"Intel";"Core i5";1.6;8;"SSD";256;0;"AMD";2.2;36089;"Linux"
"Lenovo";"2 in 1 Convertible";14.0;1920;1080;0;"Intel";"Core i5";1.6;8;"SSD";256;0;"Intel";1.74;47899;"Windows"
"Toshiba";"Ultrabook";13.3;1920;1080;0;"Intel";"Core i7";2.5;8;"SSD";256;0;"Intel";1.2;72621;"Windows"
"HP";"Notebook";15.6;1920;1080;0;"Intel";"Core i5";1.6;8;"HDD";1024;0;"Intel";2.1;42304;"Windows"
"Dell";"Gaming";17.3;1920;1080;0;"Intel";"Core i7";2.8;16;"Hybrid";256;1024;"Nvidia";4.42;130874;"Windows"
"Acer";"Notebook";15.6;1920;1080;0;"Intel";"Core i7";2.7;8;"SSD";256;0;"Nvidia";2.2;44329;"Windows"
"Dell";"Notebook";15.6;1920;1080;1;"Intel";"Core i7";2.7;16;"HDD";1024;0;"AMD";2.3;45768;"Windows"
"Asus";"Notebook";15.6;1920;1080;0;"Intel";"Core i5";2.5;8;"SSD";256;0;"Nvidia";2.0;40972;"Windows"
"Asus";"Notebook";17.3;1920;1080;0;"Intel";"Core i5";2.5;8;"Hybrid";256;500;"Nvidia";2.69;47472;"Windows"
"HP";"Notebook";15.6;1920;1080;0;"Intel";"Core i7";2.7;8;"HDD";1024;0;"AMD";1.9;67612;"Windows"
"Asus";"Notebook";15.6;1366;768;0;"Intel";"Core i3";2.4;4;"HDD";1024;0;"Intel";2.37;21258;"Windows"
"HP";"Notebook";15.6;1366;768;0;"AMD";"E-Series 9000e";1.5;4;"HDD";500;0;"AMD";2.1;17582;"Windows"
"Lenovo";"Gaming";15.6;1920;1080;0;"Intel";"Core i7";2.8;16;"Hybrid";256;1024;"Nvidia";3.2;79867;"Windows"
"Dell";"Notebook";14.0;1920;1080;0;"Intel";"Core i5";2.5;8;"SSD";256;0;"Intel";1.6;45768;"Windows"
"Acer";"2 in 1 Convertible";13.3;1920;1080;1;"Intel";"Core i5";2.3;8;"SSD";256;0;"Intel";1.6;36710;"Windows"
"Dell";"Notebook";15.6;1920;1080;0;"Intel";"Core i7";2.7;16;"SSD";256;0;"AMD";2.36;47899;"Linux"
"Acer";"Notebook";15.6;1366;768;0;"Intel";"Core i3";2.0;4;"HDD";1024;0;"Intel";2.1;20779;"Linux"
"Asus";"Notebook";15.6;1920;1080;0;"AMD";"A10-Series A10-9620P";2.5;4;"Hybrid";128;1024;"AMD";2.2;30636;"Windows"
"Asus";"Gaming";17.3;1920;1080;0;"Intel";"Core i7";2.9;32;"Hybrid";512;1024;"Nvidia";4.7;207259;"Windows"
"Acer";"Gaming";15.6;1920;1080;0;"Intel";"Core i5";2.5;8;"SSD";256;0;"Nvidia";2.5;45075;"Windows"
"Lenovo";"Notebook";15.6;1366;768;0;"Intel";"Core i3";2.0;8;"SSD";128;0;"Intel";7.2;31382;"Windows"
"Asus";"Notebook";17.3;1920;1080;0;"Intel";"Core i7";1.8;8;"Hybrid";128;1024;"Nvidia";2.1;61006;"Windows"
"Asus";"Notebook";17.3;1920;1080;0;"Intel";"Core i7";2.7;8;"Hybrid";128;1024;"Nvidia";2.69;47366;"N/A"
"Dell";"Gaming";15.6;1920;1080;0;"Intel";"Core i5";2.5;8;"SSD";256;0;"Nvidia";2.56;46833;"Windows"
"Lenovo";"2 in 1 Convertible";13.9;1920;1080;1;"Intel";"Core i7";2.7;8;"SSD";256;0;"Intel";1.38;57489;"Windows"
"Dell";"Notebook";15.6;1920;1080;0;"Intel";"Core i7";1.8;8;"Hybrid";128;2048;"AMD";2.2;52481;"Windows"
"HP";"Notebook";15.6;1366;768;1;"Intel";"Core i5";2.5;8;"HDD";1024;0;"Intel";2.04;29784;"Windows"
"Asus";"Gaming";17.3;1920;1080;0;"Intel";"Core i7";2.9;16;"SSD";256;0;"Nvidia";3.6;159787;"Windows"
"HP";"Notebook";13.3;1920;1080;0;"Intel";"Core i5";1.6;4;"HDD";500;0;"Intel";1.49;35964;"Windows"
"Apple";"Ultrabook";13.3;2560;1600;0;"Intel";"Core i5";3.1;8;"SSD";512;0;"Intel";1.37;108691;"macOS"
"Dell";"2 in 1 Convertible";15.6;1920;1080;1;"Intel";"Core i7";1.8;8;"HDD";1024;0;"Intel";2.08;43636;"Windows"
"Asus";"Gaming";17.3;1920;1080;0;"Intel";"Core i7";2.8;16;"Hybrid";256;1024;"Nvidia";4.3;95851;"Windows"
"Asus";"Notebook";15.6;1366;768;0;"AMD";"A9-Series 9420";3.0;4;"HDD";1024;0;"AMD";1.68;24988;"Windows"
"Lenovo";"2 in 1 Convertible";13.9;1920;1080;1;"Intel";"Core i7";1.8;8;"SSD";512;0;"Intel";1.37;98515;"Windows"
"Acer";"Notebook";17.3;1920;1080;0;"Intel";"Core i3";2.7;4;"SSD";256;0;"Nvidia";3.0;37403;"Windows"
"Dell";"Ultrabook";13.3;1920;1080;0;"Intel";"Core i5";1.6;8;"SSD";256;0;"Intel";1.41;50563;"Windows"
"HP";"Notebook";15.6;1366;768;0;"AMD";"A6-Series A6-9220";2.5;8;"SSD";128;0;"AMD";1.91;23758;"Windows"
"HP";"Notebook";17.3;1920;1080;0;"Intel";"Core i7";1.8;16;"HDD";1024;0;"Nvidia";2.9;56424;"Windows"
"MSI";"Gaming";17.3;1920;1080;0;"Intel";"Core i7";2.8;16;"Hybrid";512;1024;"Nvidia";4.14;133147;"Windows"
"Lenovo";"2 in 1 Convertible";15.6;1920;1080;1;"Intel";"Core i7";2.8;8;"SSD";512;0;"Nvidia";2.0;90523;"Windows"
"Dell";"Notebook";17.3;1920;1080;0;"Intel";"Core i7";1.8;8;"Hybrid";128;1024;"AMD";2.8;60846;"Windows"
"Lenovo";"Notebook";15.6;1920;1080;0;"Intel";"Core i3";2.0;4;"SSD";256;0;"Intel";2.2;23656;"N/A"
"HP";"Notebook";15.6;1920;1080;0;"Intel";"Core i5";1.6;4;"HDD";500;0;"Intel";2.1;38468;"Windows"
"Dell";"Notebook";15.6;1920;1080;0;"Intel";"Core i5";2.5;4;"HDD";1024;0;"Intel";2.18;35005;"Windows"
"Dell";"Notebook";15.6;1920;1080;0;"Intel";"Core i5";2.5;8;"HDD";1024;0;"AMD";2.24;30103;"Windows"
"Dell";"2 in 1 Convertible";15.6;1920;1080;1;"Intel";"Core i5";1.6;8;"SSD";256;0;"Intel";2.67;42571;"Windows"
"Asus";"2 in 1 Convertible";13.3;1920;1080;1;"Intel";"Core i7";1.8;8;"SSD";512;512;"Intel";4.1;79867;"Windows"
"HP";"Notebook";17.3;1920;1080;0;"Intel";"Core i7";1.8;8;"HDD";1024;0;"Nvidia";2.5;54239;"Windows"
"Lenovo";"Notebook";15.6;1920;1080;0;"Intel";"Core i7";1.8;8;"SSD";256;0;"Intel";2.05;46886;"Windows"
"Apple";"Ultrabook";13.3;2560;1600;0;"Intel";"Core i5";2.9;8;"SSD";512;0;"Intel";1.37;104370;"macOS"
"Asus";"Gaming";17.3;1920;1080;0;"AMD";"Ryzen 1700";3.0;16;"Hybrid";256;1024;"AMD";3.2;82531;"Windows"
"Dell";"Notebook";15.6;1920;1080;0;"Intel";"Core i7";1.8;8;"SSD";256;0;"AMD";2.14;39165;"Linux"
"Lenovo";"2 in 1 Convertible";14.0;2560;1440;1;"Intel";"Core i7";2.6;16;"SSD";512;0;"Intel";1.36;133147;"Windows"
"Toshiba";"Notebook";15.6;1366;768;0;"Intel";"Core i7";2.5;8;"HDD";500;0;"Nvidia";2.2;43263;"Windows"
"Dell";"Notebook";15.6;1366;768;0;"Intel";"Core i7";2.7;12;"HDD";1024;0;"Intel";2.3;37992;"Windows"
"Dell";"Notebook";17.3;1920;1080;0;"Intel";"Core i7";1.8;8;"Hybrid";128;1024;"AMD";2.8;58555;"Linux"
"Acer";"Notebook";15.6;1920;1080;0;"Intel";"Core i7";1.8;8;"HDD";1024;0;"Nvidia";2.2;39694;"Windows"
"Lenovo";"Notebook";17.3;1600;900;0;"Intel";"Core i3";2.0;4;"HDD";1024;0;"Intel";2.8;26054;"Windows"
"Lenovo";"Notebook";17.3;1920;1080;0;"Intel";"Core i7";1.8;8;"HDD";2048;0;"Nvidia";2.8;45235;"N/A"
"Lenovo";"Notebook";17.3;1600;900;0;"Intel";"Core i7";2.7;6;"Hybrid";128;1024;"Nvidia";2.8;45768;"Windows"
"Dell";"Notebook";15.6;1920;1080;0;"Intel";"Core i3";2.0;4;"HDD";1024;0;"AMD";2.25;22804;"Linux"
"Lenovo";"Gaming";15.6;1920;1080;0;"Intel";"Core i5";2.5;8;"SSD";256;0;"Nvidia";2.5;44169;"Windows"
"Lenovo";"Notebook";15.6;1920;1080;0;"Intel";"Core i5";2.5;6;"SSD";256;0;"Intel";2.2;30849;"Windows"
"Acer";"Notebook";15.6;1920;1080;0;"Intel";"Core i7";1.8;8;"SSD";256;0;"Nvidia";3.0;50669;"Windows"
"Acer";"Notebook";15.6;1920;1080;1;"Intel";"Core i7";2.7;12;"HDD";1024;0;"Intel";2.15;35112;"Windows"
"Lenovo";"Notebook";15.6;1920;1080;0;"Intel";"Core i7";2.7;8;"SSD";256;0;"Intel";1.95;58448;"Windows"
"Asus";"Ultrabook";15.6;1920;1080;0;"Intel";"Core i5";2.5;8;"SSD";256;0;"Nvidia";1.7;52055;"Windows"
"Lenovo";"Gaming";15.6;1920;1080;0;"Intel";"Core i7";2.8;16;"Hybrid";256;1024;"Nvidia";2.5;62817;"Windows"
"Lenovo";"Notebook";15.6;1920;1080;0;"Intel";"Core i7";2.7;8;"HDD";1024;0;"Nvidia";2.2;35112;"N/A"
"Acer";"Notebook";15.6;1366;768;0;"Intel";"Celeron Dual";1.5;2;"SSD";16;0;"Intel";2.19;10603;"Others"
"Asus";"Gaming";17.3;1920;1080;0;"Intel";"Core i7";2.8;8;"HDD";1024;0;"Nvidia";3.0;63243;"Windows"
"HP";"Notebook";17.3;1600;900;0;"Intel";"Core i3";2.0;8;"HDD";1024;0;"Intel";2.54;26054;"Windows"
"Dell";"Notebook";15.6;1920;1080;0;"Intel";"Core i7";2.8;8;"SSD";256;0;"Nvidia";2.0;97449;"Windows"
"Lenovo";"Notebook";15.6;1920;1080;0;"Intel";"Core i5";1.6;8;"SSD";256;0;"Intel";2.05;39374;"Windows"
"Lenovo";"Gaming";15.6;1920;1080;0;"Intel";"Core i7";2.8;8;"HDD";1024;0;"Nvidia";3.2;69211;"Windows"
"Acer";"Notebook";15.6;1920;1080;0;"Intel";"Core i7";2.8;8;"SSD";256;0;"Nvidia";2.5;52161;"Linux"
"Dell";"Workstation";17.3;1920;1080;0;"Intel";"Core i7";2.9;16;"SSD";256;0;"Nvidia";3.42;153705;"Windows"
"Lenovo";"Notebook";15.6;1920;1080;0;"AMD";"A10-Series 9600P";2.4;6;"HDD";1024;0;"AMD";2.4;26587;"Windows"
"Asus";"Ultrabook";15.6;1920;1080;0;"Intel";"Core i7";2.7;16;"SSD";512;0;"Nvidia";1.63;78215;"Windows"
"Asus";"Notebook";14.0;1366;768;0;"Intel";"Core i3";2.4;4;"SSD";128;0;"Intel";1.3;27120;"Windows"
"Asus";"Gaming";17.3;1920;1080;0;"Intel";"Core i7";2.8;16;"Hybrid";256;1024;"Nvidia";2.9;113060;"Windows"
"Lenovo";"Notebook";17.3;1600;900;0;"Intel";"Core i5";2.5;6;"HDD";1024;0;"Nvidia";5.8;34579;"Windows"
"Lenovo";"Notebook";15.6;1366;768;0;"Intel";"Core i5";2.5;8;"HDD";2048;0;"Nvidia";2.2;29251;"N/A"
"Asus";"Gaming";15.6;1920;1080;0;"Intel";"Core i7";2.8;8;"Hybrid";128;1024;"Nvidia";2.5;67399;"Windows"
"Lenovo";"Notebook";15.6;1366;768;0;"Intel";"Pentium Quad";1.1;4;"HDD";1024;0;"Intel";2.2;19180;"N/A"
"HP";"2 in 1 Convertible";13.3;1920;1080;1;"Intel";"Core i7";2.8;16;"SSD";256;0;"Intel";1.28;105228;"Windows"
"Toshiba";"Notebook";15.6;1920;1080;0;"Intel";"Core i7";2.5;8;"SSD";256;0;"Nvidia";2.2;55571;"Windows"
"Lenovo";"Notebook";15.6;1920;1080;0;"Intel";"Core i5";2.5;8;"Hybrid";128;1024;"Nvidia";2.3;43636;"Windows"
"HP";"Notebook";15.6;1920;1080;0;"Intel";"Core i3";2.0;4;"HDD";1024;0;"Intel";1.86;24988;"Windows"
"Lenovo";"Notebook";13.3;1920;1080;0;"Intel";"Core i5";2.5;8;"SSD";256;0;"Intel";1.1;53227;"Windows"
"Dell";"Ultrabook";13.3;3840;2160;1;"Intel";"Core i7";1.8;16;"SSD";1024;0;"Intel";1.21;133147;"Windows"
"MSI";"Gaming";15.6;1920;1080;0;"Intel";"Core i7";2.8;16;"Hybrid";256;1024;"Nvidia";2.8;111835;"Windows"
"Acer";"Notebook";15.6;1920;1080;0;"AMD";"A8-Series 7410";2.2;8;"SSD";256;0;"AMD";2.23;24988;"Windows"
"Asus";"2 in 1 Convertible";11.6;1366;768;1;"Intel";"Celeron Dual";1.1;2;"Flash Storage";32;0;"Intel";1.1;14652;"Windows"
"Dell";"Notebook";15.6;1920;1080;0;"Intel";"Core i5";1.6;8;"Hybrid";128;1024;"AMD";2.33;44968;"Windows"
"HP";"2 in 1 Convertible";13.3;3840;2160;1;"Intel";"Core i7";1.8;16;"SSD";1024;0;"Intel";1.29;130483;"Windows"
"Lenovo";"Notebook";13.3;1366;768;0;"Intel";"Celeron Dual";1.6;4;"Flash Storage";16;0;"Intel";1.45;24503;"Others"
"HP";"Notebook";14.0;1920;1080;0;"Intel";"Core i5";2.5;8;"SSD";256;0;"Intel";1.95;52214;"Windows"
"Acer";"Notebook";11.6;1366;768;0;"Intel";"Pentium Quad";1.6;4;"Flash Storage";128;0;"Intel";1.4;25841;"Windows"
"HP";"Notebook";14.0;1920;1080;0;"Intel";"Core i7";2.7;8;"SSD";256;0;"Intel";1.48;68838;"Windows"
"Lenovo";"Notebook";17.3;1600;900;0;"Intel";"Core i5";2.5;4;"HDD";1024;0;"Nvidia";2.79;31382;"Windows"
"Asus";"Notebook";14.0;1920;1080;0;"Intel";"Core i7";2.7;8;"SSD";256;0;"Intel";2.0;58288;"Windows"
"HP";"Notebook";15.6;1366;768;0;"Intel";"Core i7";1.8;8;"HDD";1024;0;"Intel";2.1;48059;"Windows"
"Acer";"Notebook";15.6;1366;768;0;"AMD";"A12-Series 9720P";2.7;8;"SSD";256;0;"AMD";2.2;35112;"Windows"
"Lenovo";"Notebook";14.0;1366;768;0;"Intel";"Celeron Dual";1.1;4;"Flash Storage";32;0;"Intel";1.44;15558;"Windows"
"Acer";"Notebook";15.6;1366;768;0;"Intel";"Core i5";2.5;6;"HDD";1024;0;"Intel";8.23;29251;"Windows"
"Asus";"Ultrabook";15.6;1920;1080;0;"Intel";"Core i7";2.7;8;"SSD";256;0;"Nvidia";1.7;55939;"Windows"
"HP";"Ultrabook";12.5;1920;1080;0;"Intel";"Core i7";2.7;8;"SSD";256;0;"Intel";1.26;71129;"Windows"
"Dell";"Notebook";15.6;3840;2160;1;"Intel";"Core i7";2.8;32;"SSD";1024;0;"Nvidia";2.06;140606;"Windows"
"MSI";"Gaming";17.3;1920;1080;0;"Intel";"Core i7";2.8;8;"Hybrid";256;1024;"Nvidia";2.7;63883;"Windows"
"Toshiba";"Notebook";15.6;1920;1080;0;"Intel";"Core i5";2.5;8;"SSD";256;0;"Intel";2.0;50243;"Windows"
"Asus";"Notebook";14.0;1920;1080;0;"Intel";"Core i7";2.7;8;"Hybrid";256;1024;"Intel";2.0;71076;"Windows"
"Lenovo";"Notebook";15.6;1920;1080;0;"Intel";"Core i3";2.0;4;"HDD";1024;0;"Intel";1.85;23923;"Windows"
"Asus";"Gaming";15.6;1920;1080;0;"Intel";"Core i7";2.8;8;"SSD";256;0;"Nvidia";2.5;53227;"Windows"
"HP";"Notebook";14.0;1920;1080;0;"Intel";"Core i5";2.6;8;"SSD";256;0;"Intel";1.48;67559;"Windows"
"HP";"Notebook";15.6;1920;1080;0;"Intel";"Core i5";2.5;8;"SSD";256;0;"Intel";1.84;60952;"Windows"
"Asus";"Notebook";15.6;1366;768;0;"Intel";"Celeron Dual";1.1;4;"HDD";1024;0;"Intel";2.0;14651;"Linux"
"Dell";"Notebook";15.6;1920;1080;0;"Intel";"Core i5";1.6;8;"SSD";256;0;"Nvidia";2.0;60886;"Windows"
"Dell";"Notebook";15.6;1366;768;0;"Intel";"Celeron Dual";1.6;4;"HDD";500;0;"Intel";2.2;14647;"Linux"
"Lenovo";"Notebook";15.6;1920;1080;0;"AMD";"A12-Series 9720P";3.6;12;"HDD";2048;0;"AMD";2.2;47899;"Windows"
"HP";"Notebook";15.6;1920;1080;0;"Intel";"Core i3";2.4;8;"HDD";1024;0;"Nvidia";2.1;38148;"Windows"
"Lenovo";"2 in 1 Convertible";13.9;3840;2160;1;"Intel";"Core i7";1.8;16;"SSD";512;0;"Intel";1.4;111835;"Windows"
"Dell";"Ultrabook";13.3;1920;1080;0;"Intel";"Core i7";1.8;8;"SSD";256;0;"Intel";1.2;84129;"Windows"
"Lenovo";"Gaming";15.6;1920;1080;0;"Intel";"Core i7";2.8;16;"Hybrid";256;2048;"Nvidia";2.4;60153;"Windows"
"HP";"Notebook";14.0;1366;768;0;"Intel";"Celeron Dual";1.6;2;"Flash Storage";32;0;"Intel";1.44;14865;"Windows"
"Dell";"Ultrabook";15.6;1920;1080;0;"Intel";"Core i7";1.9;16;"SSD";512;256;"Intel";1.88;85672;"Windows"
"Asus";"2 in 1 Convertible";11.6;1366;768;1;"Intel";"Celeron Dual";1.1;4;"Flash Storage";32;0;"Intel";1.5;19980;"Windows"
"Dell";"Ultrabook";15.6;1920;1080;0;"Intel";"Core i5";1.6;8;"HDD";1024;0;"AMD";0.0;35325;"Windows"
"HP";"Notebook";15.6;1920;1080;0;"Intel";"Core i7";2.7;8;"SSD";256;0;"Intel";1.84;69477;"Windows"
"MSI";"Gaming";17.3;1920;1080;0;"Intel";"Core i7";2.8;8;"Hybrid";128;1024;"Nvidia";2.7;75072;"Windows"
"HP";"Workstation";15.6;1920;1080;0;"Intel";"Core i7";2.8;8;"SSD";256;0;"Nvidia";2.6;92615;"Windows"
"Toshiba";"Notebook";15.6;1920;1080;0;"Intel";"Core i7";2.5;16;"SSD";512;0;"Nvidia";2.4;74752;"Windows"
"Dell";"Notebook";15.6;1920;1080;0;"Intel";"Core i7";1.8;8;"Hybrid";128;2048;"AMD";2.02;51730;"Windows"
"Lenovo";"Notebook";15.6;1366;768;0;"Intel";"Celeron Dual";1.1;4;"HDD";1024;0;"Intel";2.2;17156;"N/A"
"Dell";"Gaming";15.6;1920;1080;0;"Intel";"Core i5";2.5;8;"HDD";1024;0;"Nvidia";2.65;53227;"Windows"
"Dell";"Notebook";15.6;1366;768;1;"Intel";"Core i5";2.5;8;"HDD";2048;0;"Intel";2.36;29697;"Windows"
"Dell";"Notebook";14.0;1920;1080;0;"Intel";"Core i5";2.6;8;"SSD";256;0;"Intel";1.36;76031;"Windows"
"HP";"Notebook";15.6;1366;768;0;"Intel";"Core i3";2.0;4;"HDD";500;0;"Intel";1.86;23390;"Windows"
"Asus";"Notebook";14.0;1920;1080;0;"Intel";"Core i5";2.5;8;"SSD";256;0;"Intel";2.0;50350;"Windows"
"Lenovo";"Notebook";17.3;1600;900;0;"Intel";"Core i5";2.5;6;"Hybrid";128;1024;"Nvidia";2.8;38308;"Windows"
"HP";"Notebook";15.6;1920;1080;0;"Intel";"Core i5";2.5;8;"HDD";1024;0;"Intel";1.86;34046;"Windows"
"Lenovo";"Notebook";15.6;1366;768;0;"Intel";"Core i3";2.0;8;"SSD";256;0;"Nvidia";2.2;26587;"N/A"
"HP";"Notebook";15.6;1366;768;0;"Intel";"Pentium Quad";1.6;8;"HDD";2048;0;"Intel";2.04;20726;"Windows"
"Dell";"Notebook";17.3;1920;1080;0;"Intel";"Core i5";1.6;8;"Hybrid";128;1024;"AMD";2.8;57809;"Windows"
"Lenovo";"Gaming";15.6;1920;1080;0;"Intel";"Core i5";2.5;8;"Hybrid";128;1024;"Nvidia";2.4;43104;"N/A"
"Dell";"Notebook";15.6;1920;1080;0;"Intel";"Core i7";2.7;8;"SSD";256;0;"AMD";2.33;47899;"Windows"
"HP";"Ultrabook";14.0;1920;1080;0;"Intel";"Core i7";2.7;8;"SSD";256;0;"Intel";1.36;93240;"Windows"
"Asus";"2 in 1 Convertible";15.6;1920;1080;1;"Intel";"Core i7";2.7;12;"Hybrid";512;2048;"Nvidia";2.26;58555;"Windows"
"Acer";"Notebook";15.6;1366;768;0;"AMD";"A9-Series 9420";3.0;4;"SSD";128;0;"AMD";2.1;22697;"Windows"
"Asus";"Gaming";17.3;1920;1080;0;"AMD";"Ryzen 1700";3.0;16;"Hybrid";256;1024;"AMD";3.25;117163;"Windows"
"Lenovo";"Notebook";17.3;1600;900;0;"AMD";"A8-Series 7410";2.2;4;"SSD";128;0;"AMD";2.6;26054;"Windows"
"Dell";"2 in 1 Convertible";13.3;1920;1080;1;"Intel";"Core i7";1.8;8;"SSD";256;0;"Intel";1.62;46301;"Windows"
"HP";"Notebook";15.6;1920;1080;0;"AMD";"A9-Series 9420";3.0;4;"SSD";256;0;"AMD";1.91;26053;"Windows"
"Lenovo";"Netbook";11.6;1366;768;0;"Intel";"Celeron Quad";1.1;4;"SSD";128;0;"Intel";1.59;29464;"Windows"
"Dell";"Notebook";15.6;1366;768;0;"Intel";"Celeron Dual";1.6;4;"HDD";500;0;"Intel";1.8;16464;"Windows"
"Asus";"Notebook";14.0;1366;768;0;"Intel";"Celeron Dual";1.1;4;"Flash Storage";32;0;"Intel";1.5;15238;"Windows"
"Acer";"Notebook";15.6;1920;1080;0;"Intel";"Core i7";2.8;8;"HDD";1024;0;"Nvidia";2.4;45075;"Linux"
"HP";"Gaming";17.3;1920;1080;0;"Intel";"Core i7";2.8;8;"Hybrid";128;1024;"Nvidia";3.35;63456;"Windows"
"Lenovo";"Notebook";15.6;1920;1080;0;"Intel";"Core i3";2.0;4;"SSD";128;0;"Intel";1.85;21498;"N/A"
"Asus";"Gaming";15.6;1920;1080;0;"Intel";"Core i7";2.8;8;"Hybrid";128;1024;"Nvidia";2.3;88178;"Windows"
"Lenovo";"Notebook";14.0;1920;1080;0;"Intel";"Core i5";2.5;8;"SSD";256;0;"Nvidia";1.5;58555;"Windows"
"Asus";"Ultrabook";13.3;1920;1080;1;"Intel";"Core i7";2.7;16;"SSD";512;0;"Intel";1.1;93181;"Windows"
"Lenovo";"Ultrabook";14.0;2560;1440;0;"Intel";"Core i7";2.7;8;"SSD";512;0;"Intel";1.13;121585;"Windows"
"Lenovo";"Notebook";13.3;1920;1080;0;"Intel";"Core i3";2.4;4;"SSD";128;0;"Intel";1.5;29251;"Windows"
"Dell";"Workstation";15.6;1920;1080;0;"Intel";"Core i5";2.6;8;"HDD";500;0;"AMD";2.23;72940;"Windows"
"Dell";"Workstation";15.6;1920;1080;0;"Intel";"Core i7";2.7;8;"SSD";256;0;"Nvidia";2.0;113753;"Windows"
"Lenovo";"2 in 1 Convertible";14.0;2560;1440;1;"Intel";"Core i7";2.7;16;"SSD";512;0;"Intel";1.42;133680;"Windows"
"Asus";"Gaming";17.3;1920;1080;0;"Intel";"Core i7";2.8;8;"HDD";1024;0;"Nvidia";3.0;55358;"Windows"
"Asus";"Gaming";17.3;1920;1080;0;"Intel";"Core i7";2.8;16;"Hybrid";256;1024;"Nvidia";3.0;84768;"Windows"
"Acer";"Notebook";15.6;1366;768;0;"Intel";"Core i5";1.6;12;"HDD";1024;0;"Nvidia";2.2;36976;"Windows"
"MSI";"Gaming";17.3;1920;1080;0;"Intel";"Core i7";2.8;8;"SSD";256;0;"Nvidia";2.7;71875;"Windows"
"Dell";"Notebook";15.6;1920;1080;0;"Intel";"Core i7";2.7;8;"SSD";256;0;"AMD";2.33;41498;"Linux"
"HP";"Ultrabook";15.6;1920;1080;0;"AMD";"A9-Series 9420";3.0;4;"SSD";256;0;"AMD";1.91;26587;"Windows"
"Lenovo";"Notebook";15.6;1920;1080;0;"Intel";"Core i7";1.8;8;"SSD";256;0;"AMD";2.1;65511;"Windows"
"Lenovo";"Notebook";14.0;1920;1080;0;"Intel";"Core i5";2.5;8;"SSD";256;0;"Intel";1.9;49977;"Windows"
"Dell";"Workstation";15.6;3840;2160;1;"Intel";"Core i7";2.8;8;"SSD";256;0;"Nvidia";1.78;144495;"Windows"
"Lenovo";"Ultrabook";14.0;2560;1440;0;"Intel";"Core i7";2.7;16;"SSD";1024;0;"Intel";1.13;139860;"Windows"
"Lenovo";"Notebook";15.6;1366;768;0;"Intel";"Celeron Dual";1.1;4;"HDD";1024;0;"Intel";2.2;16304;"Windows"
"Asus";"Gaming";17.3;1920;1080;0;"Intel";"Core i7";2.8;16;"Hybrid";256;1024;"Nvidia";2.9;81465;"Windows"
"Lenovo";"Notebook";25.6;1920;1080;0;"Intel";"Core i5";1.6;8;"Hybrid";256;1024;"AMD";2.1;60979;"Windows"
"Acer";"Notebook";15.6;1920;1080;0;"Intel";"Core i7";2.8;8;"SSD";256;0;"Nvidia";2.5;46833;"Linux"
"MSI";"Gaming";17.3;1920;1080;0;"Intel";"Core i7";2.8;16;"Hybrid";256;1024;"Nvidia";2.8;119827;"Windows"
"Asus";"Ultrabook";14.0;1920;1080;0;"Intel";"Core i7";2.7;8;"SSD";512;0;"Intel";1.1;99793;"Windows"
"Toshiba";"Ultrabook";13.3;1920;1080;0;"Intel";"Core i7";2.5;16;"SSD";512;0;"Intel";1.2;93080;"Windows"
"Dell";"Ultrabook";14.0;1920;1080;0;"Intel";"Core i7";2.8;8;"SSD";512;0;"Intel";1.36;89510;"Windows"
"Lenovo";"Notebook";35.6;1920;1080;0;"Intel";"Core i3";2.0;4;"HDD";500;0;"Intel";2.2;21792;"Windows"
"Lenovo";"Notebook";11.6;1366;768;0;"Intel";"Celeron Dual";1.1;2;"Flash Storage";32;0;"Intel";1.15;16221;"Windows"
"Lenovo";"Workstation";15.6;1920;1080;0;"Intel";"Core i7";2.8;8;"SSD";512;0;"Nvidia";2.67;102564;"Windows"
"Lenovo";"Ultrabook";14.0;2560;1440;0;"Intel";"Core i7";2.8;8;"SSD";512;0;"Nvidia";1.7;103523;"Windows"
"HP";"Notebook";15.6;1920;1080;0;"Intel";"Core i3";2.0;4;"HDD";1024;0;"AMD";2.1;24988;"Windows"
"Acer";"2 in 1 Convertible";13.3;1920;1080;1;"Intel";"Core i7";2.5;8;"SSD";256;0;"Intel";1.6;42038;"Windows"
"Asus";"2 in 1 Convertible";13.3;1920;1080;1;"Intel";"Core i5";2.5;8;"SSD";256;0;"Intel";1.27;49444;"Windows"
"Dell";"Notebook";15.6;1920;1080;0;"Intel";"Core i5";2.5;4;"SSD";256;0;"AMD";2.3;31909;"Linux"
"Dell";"Notebook";13.3;1366;768;0;"Intel";"Core i3";2.0;4;"SSD";128;0;"Intel";1.65;36710;"Windows"
"HP";"Ultrabook";14.0;1920;1080;0;"Intel";"Core i7";2.5;8;"SSD";256;0;"Intel";1.43;79920;"Windows"
"Dell";"Notebook";15.6;1366;768;0;"Intel";"Core i5";2.5;8;"HDD";1024;0;"Intel";2.14;28769;"Windows"
"Lenovo";"Ultrabook";14.0;1920;1080;0;"Intel";"Core i7";1.8;8;"SSD";256;0;"AMD";1.75;64755;"Windows"
"Lenovo";"2 in 1 Convertible";15.6;3840;2160;1;"Intel";"Core i7";2.8;16;"SSD";512;0;"Nvidia";2.0;101179;"Windows"
"Chuwi";"Notebook";12.3;2736;1824;0;"Intel";"Celeron Quad";1.1;6;"Flash Storage";64;0;"Intel";1.4;23923;"Windows"
"HP";"Notebook";15.6;1920;1080;0;"Intel";"Core i7";2.9;8;"SSD";256;0;"Intel";2.31;76031;"Windows"
"Asus";"Notebook";35.6;1920;1080;0;"Intel";"Core i3";2.4;8;"HDD";1024;0;"Nvidia";2.3;31808;"Linux"
"Dell";"Gaming";27.3;2560;1440;0;"Intel";"Core i7";2.9;16;"Hybrid";256;1024;"Nvidia";4.42;149131;"Windows"
"Dell";"Gaming";15.6;1920;1080;0;"Intel";"Core i7";2.8;8;"Hybrid";128;1024;"Nvidia";2.62;61752;"Windows"
"Dell";"Notebook";15.6;1920;1080;0;"Intel";"Core i7";1.8;8;"Hybrid";256;2048;"AMD";2.02;60867;"Windows"
"Dell";"Ultrabook";14.0;1920;1080;0;"Intel";"Core i7";2.8;8;"SSD";256;0;"Intel";1.6;58555;"Linux"
"HP";"Gaming";17.3;1920;1080;0;"Intel";"Core i7";2.8;12;"Hybrid";256;1024;"Nvidia";3.35;106507;"Windows"
"Mediacom";"2 in 1 Convertible";11.6;1920;1080;1;"Intel";"Celeron Dual";1.1;4;"SSD";32;0;"Intel";1.16;15931;"Windows"
"Samsung";"Netbook";11.6;1366;768;0;"Intel";"Celeron Dual";1.6;4;"Flash Storage";16;0;"Intel";1.15;14332;"Others"
"Lenovo";"Notebook";13.3;1920;1080;0;"Intel";"Core i7";2.7;8;"SSD";256;0;"Intel";1.4;53813;"Windows"
"Lenovo";"Notebook";14.0;1920;1080;0;"Intel";"Core i3";2.7;4;"SSD";128;0;"Intel";1.7;31915;"Windows"
"Lenovo";"Workstation";15.6;3840;2160;0;"Intel";"Core i7";2.8;16;"SSD";512;0;"Nvidia";2.3;130270;"Windows"
"Lenovo";"Notebook";15.6;1920;1080;0;"Intel";"Core i7";2.9;16;"SSD";512;0;"Nvidia";2.5;130483;"Windows"
"Asus";"Gaming";17.3;1920;1080;0;"AMD";"Ryzen 1600";3.2;8;"Hybrid";256;1024;"AMD";3.2;90310;"Windows"
"HP";"Notebook";15.6;1366;768;0;"Intel";"Celeron Dual";1.6;4;"HDD";500;0;"Intel";2.1;18488;"Windows"
"Google";"Ultrabook";12.3;2400;1600;1;"Intel";"Core i7";1.3;16;"SSD";512;0;"Intel";1.1;117163;"Others"
"Lenovo";"Ultrabook";24.0;2560;1440;0;"Intel";"Core i7";2.7;24;"SSD";512;0;"Intel";1.32;126913;"Windows"
"Asus";"Notebook";15.6;1920;1080;0;"Intel";"Core i5";2.5;4;"SSD";256;0;"Intel";2.0;29784;"Linux"
"Lenovo";"Notebook";17.3;1600;900;0;"AMD";"A6-Series 9220";2.5;8;"HDD";1024;0;"AMD";2.8;27652;"Windows"
"Dell";"Notebook";15.6;1920;1080;0;"Intel";"Core i5";1.6;4;"SSD";256;0;"AMD";2.2;39907;"Windows"
"Lenovo";"Ultrabook";12.5;1920;1080;0;"Intel";"Core i5";2.5;8;"SSD";256;0;"Intel";1.36;76137;"Windows"
"Lenovo";"Notebook";15.6;1920;1080;0;"Intel";"Pentium Quad";1.1;4;"SSD";128;0;"Intel";2.2;18595;"Windows"
"HP";"Gaming";15.6;1920;1080;0;"Intel";"Core i7";2.8;8;"Hybrid";128;1024;"Nvidia";2.2;58555;"Windows"
"Dell";"Notebook";14.0;1920;1080;0;"Intel";"Core i5";2.8;8;"SSD";256;0;"Nvidia";1.64;62817;"Windows"
"Acer";"Notebook";15.6;1366;768;0;"Intel";"Core i5";2.5;4;"HDD";500;0;"Intel";2.4;23539;"Linux"
"Dell";"Workstation";15.6;1920;1080;0;"Intel";"Xeon E3-1505M";3.0;8;"Hybrid";64;1024;"Nvidia";2.23;106187;"Windows"
"MSI";"Gaming";15.6;1920;1080;0;"Intel";"Core i5";2.5;8;"SSD";256;0;"Nvidia";2.2;54758;"Windows"
"Microsoft";"Ultrabook";13.5;2256;1504;1;"Intel";"Core i7";2.5;16;"SSD";512;0;"Intel";1.25;137942;"Windows"
"HP";"Notebook";15.6;1366;768;0;"Intel";"Core i5";2.5;8;"SSD";128;0;"Intel";1.91;31382;"Windows"
"Dell";"Workstation";15.6;1920;1080;0;"Intel";"Core i7";2.7;16;"SSD";256;0;"Nvidia";2.17;105228;"Windows"
"HP";"Workstation";15.6;1920;1080;0;"Intel";"Core i7";2.9;8;"SSD";512;0;"Intel";2.31;81732;"Windows"
"Lenovo";"Notebook";14.0;1920;1080;0;"Intel";"Core i5";2.5;8;"SSD";256;0;"Intel";1.65;71662;"Windows"
"Dell";"Notebook";15.6;1920;1080;0;"Intel";"Core i7";1.8;8;"Hybrid";128;1024;"AMD";2.36;52161;"Windows"
"Dell";"2 in 1 Convertible";11.6;1366;768;1;"Intel";"Pentium Quad";1.6;4;"HDD";500;0;"Intel";1.47;25521;"Windows"
"Dell";"Notebook";17.3;1920;1080;0;"Intel";"Core i7";2.7;8;"HDD";1024;0;"Nvidia";4.42;109011;"Windows"
"Microsoft";"Ultrabook";13.5;2256;1504;1;"Intel";"Core M";2.2;4;"SSD";128;0;"Intel";1.25;52694;"Windows"
"Microsoft";"Ultrabook";33.5;2256;1504;1;"Intel";"Core i7";2.5;8;"SSD";256;0;"Intel";1.25;95851;"Windows"
"HP";"Notebook";17.3;1600;900;0;"Intel";"Core i3";2.0;8;"SSD";256;0;"Intel";2.5;34094;"Windows"
"Acer";"Notebook";15.6;1920;1080;0;"Intel";"Core i3";2.0;4;"HDD";1024;0;"Nvidia";2.23;28984;"Windows"
"Acer";"Netbook";11.6;1366;768;0;"Intel";"Celeron Dual";1.6;4;"SSD";128;0;"Intel";1.4;23177;"Windows"
"Asus";"Notebook";15.6;1920;1080;0;"Intel";"Core i5";2.5;8;"HDD";1024;0;"Intel";2.37;39907;"Windows"
"Lenovo";"Notebook";14.0;1920;1080;0;"Intel";"Core i7";2.7;8;"SSD";512;0;"AMD";1.5;42571;"N/A"
"Lenovo";"Notebook";15.6;1920;1080;0;"Intel";"Core i7";2.9;8;"SSD";256;0;"Nvidia";2.67;111355;"Windows"
"Asus";"Notebook";15.6;1366;768;0;"Intel";"Pentium Quad";1.1;4;"HDD";500;0;"Intel";2.0;16197;"Windows"
"Acer";"Notebook";15.6;1366;768;0;"Intel";"Core i3";2.0;4;"HDD";500;0;"Nvidia";2.2;24988;"Windows"
"Dell";"Notebook";15.6;1920;1080;0;"Intel";"Core i5";1.6;8;"HDD";2048;0;"AMD";2.02;40440;"Windows"
"HP";"Gaming";17.3;1920;1080;0;"Intel";"Core i7";2.8;12;"HDD";1024;0;"Nvidia";3.78;90523;"Windows"
"Lenovo";"Ultrabook";14.0;2560;1440;0;"Intel";"Core i7";2.6;12;"SSD";256;0;"Intel";1.4;98994;"Windows"
"HP";"2 in 1 Convertible";13.3;3840;2160;1;"Intel";"Core i7";1.8;8;"SSD";512;0;"Intel";1.29;106507;"Windows"
"HP";"Notebook";15.6;1920;1080;0;"Intel";"Core i5";2.5;8;"HDD";500;0;"AMD";1.9;61485;"Windows"
"Google";"Ultrabook";12.3;2400;1600;1;"Intel";"Core i5";1.2;8;"SSD";128;0;"Intel";1.1;67932;"Others"
"Dell";"Ultrabook";13.3;1920;1080;1;"Intel";"Core i5";1.6;8;"SSD";256;0;"Intel";1.42;98134;"Windows"
"Asus";"Notebook";15.6;3840;2160;0;"Intel";"Core i7";2.6;12;"Hybrid";128;1024;"Intel";2.06;69211;"Windows"
"Dell";"Notebook";14.0;1366;768;0;"Intel";"Core i3";2.3;8;"SSD";128;0;"Intel";1.79;39427;"Windows"
"Lenovo";"Notebook";14.0;1920;1080;0;"Intel";"Core i5";2.5;8;"SSD";180;0;"Intel";1.7;72674;"Windows"
"Toshiba";"Notebook";13.3;1920;1080;0;"Intel";"Core i5";2.5;8;"SSD";256;0;"Intel";1.05;89084;"Windows"
"Dell";"Notebook";15.6;1920;1080;0;"Intel";"Core i7";1.8;8;"SSD";512;0;"Nvidia";2.16;67239;"Windows"
"Dell";"Notebook";15.6;1366;768;0;"Intel";"Core i3";2.4;4;"HDD";1024;0;"Intel";2.18;31254;"Windows"
"HP";"Notebook";13.3;1920;1080;0;"Intel";"Core i5";1.6;4;"SSD";128;0;"Intel";1.49;38681;"Windows"
"Chuwi";"Notebook";15.6;1920;1080;0;"Intel";"Atom x5-Z8350";1.44;4;"Flash Storage";64;0;"Intel";1.89;13261;"Windows"
"Lenovo";"Notebook";15.6;1366;768;0;"Intel";"Core i3";2.0;4;"SSD";128;0;"Intel";2.3;30103;"Windows"
"Lenovo";"Notebook";14.0;1920;1080;0;"Intel";"Core i5";1.6;8;"SSD";256;0;"Intel";1.75;55891;"Windows"
"Dell";"Workstation";15.6;1920;1080;0;"Intel";"Core i7";2.7;16;"SSD";512;0;"Nvidia";2.17;124569;"Windows"
"Dell";"Notebook";15.6;1920;1080;0;"Intel";"Core i7";2.8;16;"SSD";512;0;"Nvidia";2.06;101179;"Windows"
"Lenovo";"Ultrabook";12.5;1920;1080;0;"Intel";"Core i7";2.7;16;"SSD";512;0;"Intel";1.36;95797;"Windows"
"Asus";"Ultrabook";12.5;1920;1080;0;"Intel";"Core i7";2.7;16;"SSD";512;0;"Intel";0.91;103896;"Windows"
"Lenovo";"Notebook";15.6;1920;1080;0;"Intel";"Core i5";2.5;8;"SSD";256;0;"Nvidia";2.3;53919;"Windows"
"Toshiba";"Ultrabook";13.3;1920;1080;1;"Intel";"Core i7";2.7;32;"SSD";512;0;"Intel";1.05;149131;"Windows"
"Asus";"Gaming";15.6;1920;1080;0;"Intel";"Core i7";2.8;8;"Hybrid";128;1024;"Nvidia";1.99;71928;"Windows"
"Acer";"Notebook";15.6;1366;768;0;"AMD";"A10-Series 9620P";2.5;8;"HDD";1024;0;"AMD";2.2;30849;"Windows"
"Asus";"Gaming";17.3;1920;1080;1;"Intel";"Core i7";2.6;24;"Hybrid";256;1024;"Nvidia";4.33;67612;"Windows"
"Lenovo";"Ultrabook";12.5;1366;768;0;"Intel";"Core i5";2.3;8;"SSD";180;0;"Intel";1.3;58555;"Windows"
"Lenovo";"Notebook";15.6;1920;1080;0;"Intel";"Core i7";1.8;8;"SSD";256;0;"Intel";2.17;47893;"Windows"
"HP";"Notebook";14.0;1920;1080;0;"Intel";"Core i7";2.8;8;"SSD";1024;0;"Intel";1.48;93187;"Windows"
"Lenovo";"Notebook";13.3;1920;1080;0;"Intel";"Core i3";2.4;8;"SSD";256;0;"Intel";1.4;50563;"Windows"
"Lenovo";"Notebook";15.6;1920;1080;0;"Intel";"Core i5";2.5;8;"SSD";256;0;"Intel";2.3;48538;"Windows"
"Asus";"Netbook";11.6;1366;768;0;"Intel";"Celeron Dual";1.1;4;"Flash Storage";64;0;"Intel";1.2;18115;"Windows"
"HP";"Notebook";15.6;1366;768;0;"Intel";"Core i5";2.5;8;"SSD";256;0;"AMD";1.91;32980;"Windows"
"Lenovo";"2 in 1 Convertible";13.9;1920;1080;1;"Intel";"Core i5";1.6;8;"SSD";256;0;"Intel";1.4;85195;"Windows"
"Lenovo";"Notebook";14.0;1366;768;0;"Intel";"Celeron Dual";1.1;4;"HDD";500;0;"Intel";2.1;15931;"Windows"
"Lenovo";"Netbook";11.6;1366;768;0;"Intel";"Celeron Dual";1.6;4;"SSD";16;0;"Intel";1.25;14119;"Others"
"Lenovo";"Notebook";13.3;1920;1080;0;"Intel";"Core i5";2.5;8;"SSD";256;0;"Intel";1.44;50563;"Windows"
"Asus";"Notebook";15.6;1920;1080;0;"Intel";"Core i7";2.7;8;"Hybrid";256;1024;"Intel";2.0;65215;"Windows"
"Acer";"Notebook";15.6;1920;1080;0;"Intel";"Core i5";1.6;4;"HDD";1024;0;"Nvidia";2.2;32661;"Windows"
"HP";"Ultrabook";13.3;1920;1080;0;"Intel";"Core i7";2.7;8;"SSD";512;0;"Intel";1.34;70489;"Windows"
"Lenovo";"Gaming";15.6;1920;1080;0;"Intel";"Core i7";2.8;8;"Hybrid";256;1024;"Nvidia";2.4;61219;"N/A"
"Dell";"Ultrabook";13.3;1920;1080;1;"Intel";"Core i5";2.5;8;"SSD";128;0;"Intel";1.29;47899;"Windows"
"Acer";"Notebook";15.6;1920;1080;0;"Intel";"Core i7";2.7;4;"HDD";500;0;"Nvidia";2.2;34046;"Windows"
"Dell";"Notebook";15.6;1920;1080;0;"Intel";"Core i5";2.5;8;"HDD";1024;0;"Intel";2.18;44542;"Windows"
"Dell";"Notebook";15.6;1920;1080;0;"Intel";"Core i7";1.8;16;"Hybrid";256;2048;"AMD";2.2;64961;"Windows"
"Xiaomi";"Notebook";15.6;1920;1080;0;"Intel";"Core i7";1.8;16;"SSD";256;0;"Nvidia";1.95;74589;"N/A"
"Asus";"Netbook";11.6;1366;768;0;"Intel";"Celeron Dual";1.1;2;"Flash Storage";32;0;"Intel";1.1;13054;"Windows"
"HP";"Notebook";15.6;1366;768;1;"Intel";"Core i5";1.6;4;"HDD";1024;0;"Intel";2.04;27784;"Windows"
"Asus";"Gaming";15.6;1920;1080;0;"Intel";"Core i7";2.8;24;"SSD";512;0;"Nvidia";2.24;158135;"Windows"
"HP";"Notebook";15.6;1920;1080;0;"Intel";"Core i5";2.5;8;"SSD";256;0;"Nvidia";2.04;47366;"Windows"
"Asus";"Gaming";17.3;1920;1080;0;"Intel";"Core i7";2.8;16;"Hybrid";256;1024;"Nvidia";3.0;80133;"Windows"
"Lenovo";"Gaming";15.6;1920;1080;0;"Intel";"Core i7";2.8;8;"Hybrid";256;1024;"Nvidia";3.2;74539;"Windows"
"HP";"Ultrabook";13.3;1920;1080;0;"Intel";"Core i7";2.7;8;"SSD";256;0;"Intel";1.32;74539;"Windows"
"Dell";"Notebook";14.0;1920;1080;0;"Intel";"Core i5";2.6;8;"SSD";256;0;"Intel";1.64;68184;"Windows"
"HP";"Notebook";15.6;1366;768;0;"Intel";"Core i3";2.0;4;"SSD";128;0;"Intel";1.63;36710;"Windows"
"Dell";"Notebook";17.3;1920;1080;0;"Intel";"Core i5";1.6;8;"Hybrid";128;1024;"AMD";2.8;47366;"Linux"
"Lenovo";"Notebook";24.0;1920;1080;0;"Intel";"Core i5";2.3;8;"SSD";256;0;"Intel";2.02;71395;"Windows"
"Lenovo";"Notebook";15.6;1920;1080;0;"Intel";"Core i7";2.7;4;"HDD";1024;0;"Nvidia";2.2;42571;"Windows"
"Lenovo";"Notebook";15.6;1366;768;0;"Intel";"Core i3";2.0;8;"HDD";2048;0;"Nvidia";2.2;24456;"N/A"
"Dell";"Notebook";15.6;1920;1080;0;"Intel";"Core i5";2.5;4;"HDD";500;0;"AMD";2.3;31169;"Windows"
"Dell";"Notebook";15.6;1920;1080;0;"Intel";"Core i5";2.8;8;"SSD";256;0;"Intel";1.9;73367;"Windows"
"Dell";"Gaming";17.3;1920;1080;0;"Intel";"Core i7";2.8;16;"Hybrid";128;1024;"Nvidia";4.42;160520;"Windows"
"Toshiba";"Notebook";15.6;1920;1080;0;"Intel";"Core i5";2.5;8;"HDD";500;0;"Intel";2.0;45821;"Windows"
"Asus";"Notebook";15.6;3840;2160;0;"Intel";"Core i7";2.7;8;"Hybrid";256;1024;"Nvidia";2.0;69211;"Windows"
"Mediacom";"Notebook";13.3;1920;1080;0;"Intel";"Celeron Quad";1.1;4;"SSD";32;0;"Intel";1.2;19660;"Windows"
"Asus";"Gaming";15.6;1920;1080;0;"Intel";"Core i5";2.5;8;"Hybrid";128;1024;"Nvidia";2.3;87859;"Windows"
"Dell";"Notebook";15.6;1920;1080;0;"Intel";"Core i7";2.8;8;"SSD";256;0;"Nvidia";1.93;72940;"Windows"
"Dell";"Notebook";15.6;1920;1080;0;"Intel";"Core i5";1.6;8;"SSD";256;0;"AMD";2.2;42486;"Windows"
"HP";"Notebook";15.6;1920;1080;0;"Intel";"Pentium Quad";1.6;4;"SSD";256;0;"Intel";1.86;21258;"Windows"
"HP";"Gaming";17.3;1920;1080;0;"Intel";"Core i7";2.8;12;"HDD";1024;0;"Nvidia";2.62;95851;"Windows"
"Lenovo";"Notebook";14.0;1920;1080;0;"Intel";"Core i7";2.7;8;"SSD";256;0;"Nvidia";1.87;45768;"Windows"
"Dell";"Ultrabook";13.3;3200;1800;1;"Intel";"Core i7";1.8;8;"SSD";256;0;"Intel";1.2;74539;"Windows"
"Dell";"Notebook";14.0;1920;1080;0;"Intel";"Core i3";2.0;4;"SSD";128;0;"Intel";1.6;39207;"Windows"
"HP";"Ultrabook";13.3;3200;1800;0;"Intel";"Core i7";2.7;8;"SSD";256;0;"Intel";1.34;61006;"Windows"
"Acer";"Gaming";15.6;1920;1080;0;"Intel";"Core i5";2.5;8;"HDD";1024;0;"Nvidia";2.4;42517;"Linux"
"Asus";"Notebook";15.6;1366;768;0;"AMD";"E-Series 7110";1.8;4;"HDD";500;0;"AMD";2.0;18595;"Windows"
"HP";"Notebook";15.6;1920;1080;0;"Intel";"Core i3";2.4;4;"SSD";128;0;"Intel";2.1;37589;"Windows"
"Lenovo";"Notebook";14.0;1920;1080;0;"Intel";"Core i5";2.5;4;"HDD";500;0;"Intel";1.87;41825;"Windows"
"Lenovo";"Notebook";15.6;1920;1080;0;"Intel";"Core i5";2.3;4;"HDD";1024;0;"Intel";2.15;24634;"N/A"
"HP";"Notebook";15.6;1920;1080;0;"Intel";"Core i3";2.0;4;"HDD";500;0;"Intel";1.86;21152;"Windows"
"Lenovo";"Notebook";15.6;1920;1080;0;"Intel";"Core i7";2.7;8;"SSD";512;0;"Intel";1.99;92121;"Windows"
"Lenovo";"Notebook";15.6;1920;1080;0;"Intel";"Core i3";2.0;4;"SSD";128;0;"Intel";2.2;26587;"Windows"
"Dell";"Notebook";15.6;1920;1080;0;"Intel";"Core i5";2.5;8;"SSD";256;0;"Intel";1.9;59513;"Windows"
"Dell";"Gaming";17.3;1920;1080;0;"Intel";"Core i7";2.8;16;"Hybrid";256;1024;"Nvidia";4.42;143803;"Windows"
"HP";"Notebook";17.3;1600;900;0;"Intel";"Core i3";2.0;8;"HDD";1024;0;"Intel";2.65;28992;"Windows"
"HP";"Notebook";17.3;1920;1080;0;"Intel";"Core i7";2.7;8;"HDD";1024;0;"Nvidia";2.63;68198;"Windows"
"Asus";"Notebook";15.6;1366;768;0;"Intel";"Celeron Dual";1.1;4;"HDD";500;0;"Intel";2.0;11935;"Linux"
"Mediacom";"Notebook";13.3;1920;1080;0;"Intel";"Atom x5-Z8350";1.44;4;"Flash Storage";32;0;"Intel";1.35;13586;"Windows"
"Lenovo";"Notebook";17.3;1600;900;0;"Intel";"Core i7";2.7;6;"Hybrid";128;1024;"Nvidia";2.8;50563;"Windows"
"HP";"Notebook";15.6;1920;1080;0;"AMD";"A10-Series A10-9620P";2.5;6;"SSD";128;0;"AMD";1.91;30311;"Windows"
"Dell";"Notebook";15.6;1366;768;0;"Intel";"Core i3";2.0;4;"HDD";1024;0;"AMD";2.18;32922;"Windows"
"Acer";"2 in 1 Convertible";11.6;1920;1080;1;"Intel";"Celeron Dual";2.0;4;"Flash Storage";32;0;"Intel";1.25;18595;"Windows"
"Lenovo";"Notebook";15.6;1920;1080;0;"Intel";"Core i3";2.7;4;"SSD";128;0;"Intel";2.05;33566;"Windows"
"HP";"Ultrabook";13.3;3200;1800;1;"Intel";"Core M";1.2;16;"SSD";512;0;"Intel";1.16;104695;"Windows"
"Lenovo";"Notebook";17.3;1920;1080;0;"Intel";"Core i7";2.8;8;"SSD";256;0;"Nvidia";3.4;159787;"Windows"
"Asus";"Notebook";15.6;1920;1080;0;"Intel";"Core i5";2.5;8;"Hybrid";128;1024;"Nvidia";2.5;44702;"Windows"
"Dell";"Ultrabook";13.3;3840;2160;1;"Intel";"Core i5";1.6;8;"SSD";128;0;"Intel";1.21;85195;"Windows"
"Dell";"Notebook";15.6;1366;768;0;"Intel";"Core i5";2.6;4;"HDD";500;0;"Intel";1.93;51096;"Windows"
"Lenovo";"Notebook";15.6;1920;1080;0;"Intel";"Pentium Quad";1.1;4;"HDD";500;0;"Intel";2.2;18328;"Windows"
"Lenovo";"Notebook";14.0;1366;768;0;"Intel";"Core i5";2.5;4;"HDD";500;0;"Intel";2.02;52747;"Windows"
"HP";"Workstation";17.3;1600;900;0;"Intel";"Core i5";2.8;8;"HDD";500;0;"Nvidia";3.14;99154;"Windows"
"HP";"Notebook";14.0;1366;768;0;"Intel";"Pentium Quad";1.6;8;"HDD";2048;0;"Intel";1.94;20726;"Windows"
"HP";"Notebook";15.6;1920;1080;0;"AMD";"A9-Series A9-9420";3.0;6;"SSD";256;0;"AMD";1.95;34579;"Windows"
"Lenovo";"Notebook";15.6;1920;1080;0;"Intel";"Core i5";2.5;8;"SSD";256;0;"Intel";2.3;44222;"Windows"
"Lenovo";"Notebook";15.6;1920;1080;0;"Intel";"Core i5";1.6;4;"HDD";500;0;"Intel";2.05;36497;"Windows"
"Mediacom";"Notebook";14.0;1920;1080;0;"Intel";"Atom x5-Z8350";1.44;4;"SSD";32;0;"Intel";1.4;13267;"Windows"
"Toshiba";"Ultrabook";14.0;1920;1080;1;"Intel";"Core i7";2.7;16;"SSD";512;0;"Intel";1.24;99367;"Windows"
"Lenovo";"Gaming";17.3;1920;1080;0;"Intel";"Core i7";2.7;32;"Hybrid";256;1024;"Nvidia";4.6;141885;"Windows"
"MSI";"Gaming";17.3;1920;1080;0;"Intel";"Core i7";2.9;16;"Hybrid";512;1024;"Nvidia";4.14;145401;"Windows"
"Dell";"Notebook";15.6;1920;1080;0;"Intel";"Core i7";2.7;8;"SSD";256;0;"AMD";2.2;39907;"Linux"
"Mediacom";"Notebook";14.0;1920;1080;0;"Intel";"Celeron Quad";1.1;4;"SSD";32;0;"Intel";1.45;20726;"Windows"
"Dell";"Notebook";15.6;1366;768;0;"Intel";"Core i5";2.6;8;"HDD";500;0;"Intel";1.9;53734;"Windows"
"HP";"Notebook";13.3;1920;1080;0;"Intel";"Core i3";2.4;4;"SSD";128;0;"Intel";1.49;38308;"Windows"
"Dell";"Notebook";15.6;1920;1080;0;"Intel";"Core i7";2.8;16;"SSD";256;0;"Nvidia";1.93;81912;"Windows"
"Dell";"Netbook";11.6;1366;768;0;"Intel";"Celeron Dual";1.6;4;"Flash Storage";16;0;"Intel";1.26;15718;"Others"
"MSI";"Gaming";17.3;1920;1080;0;"Intel";"Core i7";2.7;16;"Hybrid";128;1024;"Nvidia";4.5;125155;"Windows"
"HP";"Gaming";17.3;1920;1080;0;"Intel";"Core i7";2.8;16;"Hybrid";256;1024;"Nvidia";3.78;79813;"Windows"
"Lenovo";"Ultrabook";14.0;1920;1080;0;"Intel";"Core i7";2.6;12;"SSD";256;0;"Intel";8.4;89137;"Windows"
"Lenovo";"Notebook";15.6;1366;768;1;"Intel";"Core i7";1.8;12;"HDD";1024;0;"Intel";2.2;32448;"Windows"
"Asus";"Gaming";17.3;1920;1080;0;"Intel";"Core i5";2.5;8;"Hybrid";128;1024;"Nvidia";2.73;94306;"Windows"
"Asus";"2 in 1 Convertible";15.6;1366;768;1;"Intel";"Core i5";2.5;8;"HDD";1024;0;"Intel";2.2;39374;"Windows"
"Lenovo";"Notebook";15.6;1920;1080;0;"AMD";"A12-Series 9720P";3.6;12;"SSD";512;0;"AMD";2.2;50563;"Windows"
"Dell";"2 in 1 Convertible";31.6;1366;768;1;"Intel";"Core M";1.0;4;"SSD";128;0;"Intel";1.39;32128;"Windows"
"Samsung";"Notebook";15.6;1920;1080;0;"Intel";"Core i7";2.8;16;"Hybrid";128;1024;"Nvidia";2.5;90523;"Windows"
"Lenovo";"Notebook";17.3;1920;1080;0;"Intel";"Core i3";2.0;4;"HDD";500;0;"Intel";2.8;28185;"N/A"
"Lenovo";"Notebook";15.6;1366;768;0;"Intel";"Core i3";2.3;8;"HDD";1024;0;"Intel";2.29;24456;"Windows"
"Lenovo";"2 in 1 Convertible";13.3;1920;1080;1;"Intel";"Core i7";2.7;8;"SSD";512;0;"Intel";1.37;107892;"Windows"
"Lenovo";"Notebook";14.0;1920;1080;0;"Intel";"Core i5";2.5;8;"SSD";256;0;"Intel";1.7;78535;"Windows"
"Dell";"2 in 1 Convertible";12.5;1920;1080;1;"Intel";"Core i5";2.5;8;"SSD";256;0;"Intel";1.34;88978;"Windows"
"Dell";"Workstation";15.6;1920;1080;1;"Intel";"Core i7";2.8;8;"SSD";256;0;"Nvidia";2.06;93933;"Windows"
"HP";"Notebook";15.6;1920;1080;0;"Intel";"Core i7";2.7;8;"SSD";256;0;"Intel";1.84;64948;"Windows"
"HP";"Notebook";15.6;1366;768;0;"Intel";"Core i3";2.4;4;"HDD";500;0;"Intel";2.1;35617;"Windows"
"Acer";"Notebook";14.0;1920;1080;0;"Intel";"Celeron Quad";1.1;4;"Flash Storage";32;0;"Intel";1.6;17529;"Windows"
"MSI";"Gaming";17.3;1920;1080;0;"Intel";"Core i7";2.7;16;"Hybrid";128;1024;"Nvidia";4.14;117163;"Windows"
"Dell";"Notebook";15.6;1366;768;0;"Intel";"Core i3";2.0;4;"HDD";1024;0;"AMD";2.18;24775;"Linux"
"MSI";"Gaming";15.6;3840;2160;0;"Intel";"Core i7";2.8;16;"Hybrid";256;2048;"Nvidia";1.8;122491;"Windows"
"Toshiba";"Notebook";15.6;1920;1080;0;"Intel";"Core i7";2.5;8;"SSD";256;0;"Intel";2.2;74539;"Windows"
"Lenovo";"Notebook";15.6;1920;1080;0;"Intel";"Core i5";2.5;6;"HDD";1024;0;"Intel";2.4;30050;"Windows"
"Lenovo";"2 in 1 Convertible";15.6;1920;1080;1;"Intel";"Core i7";2.8;8;"SSD";256;0;"Intel";2.0;69211;"Windows"
"Acer";"Notebook";14.0;1366;768;0;"Intel";"Pentium Quad";1.6;4;"Flash Storage";128;0;"Intel";1.6;18595;"Windows"
"Lenovo";"Notebook";15.6;3840;2160;0;"Intel";"Xeon E3-1535M";3.1;32;"SSD";1024;0;"Nvidia";2.5;261019;"Windows"
"Dell";"Gaming";15.6;1920;1080;0;"Intel";"Core i7";2.6;16;"HDD";1024;0;"Nvidia";2.59;46834;"Windows"
"Dell";"Notebook";15.6;1366;768;0;"Intel";"Core i3";2.0;4;"HDD";1024;0;"Intel";2.18;23651;"Linux"
"Dell";"Notebook";15.6;1366;768;0;"Intel";"Core i3";2.0;4;"HDD";1024;0;"Intel";2.25;19128;"Linux"
"Dell";"Notebook";15.6;1366;768;0;"Intel";"Core i5";2.6;4;"HDD";500;0;"Intel";1.93;46300;"Linux"
"Asus";"Gaming";17.3;1920;1080;0;"Intel";"Core i7";2.8;8;"Hybrid";128;1024;"Nvidia";3.0;62231;"Windows"
"HP";"Ultrabook";15.6;1920;1080;0;"Intel";"Core i7";2.7;8;"SSD";512;0;"Intel";1.84;74006;"Windows"
"MSI";"Gaming";15.6;1920;1080;0;"Intel";"Core i7";2.8;16;"Hybrid";256;1024;"Nvidia";2.94;120832;"Windows"
"Acer";"2 in 1 Convertible";11.6;1366;768;1;"Intel";"Celeron Quad";1.6;4;"Flash Storage";32;0;"Intel";1.25;20193;"Others"
"HP";"Notebook";14.0;1366;768;0;"Intel";"Core i5";2.6;8;"SSD";256;0;"Intel";2.31;59887;"Windows"
"Lenovo";"Notebook";14.0;1920;1080;0;"Intel";"Core i5";2.3;8;"SSD";256;0;"Intel";1.65;78055;"Windows"
"Dell";"Notebook";15.6;1920;1080;0;"Intel";"Core i5";1.6;4;"HDD";1024;0;"AMD";2.2;41345;"Windows"
"Fujitsu";"Notebook";15.6;1366;768;0;"Intel";"Core i5";2.5;8;"SSD";256;0;"Intel";2.2;42571;"Windows"
"HP";"Notebook";15.6;1366;768;0;"Intel";"Core i5";2.3;4;"HDD";500;0;"Intel";1.88;49657;"Windows"
"Mediacom";"Notebook";14.0;1920;1080;0;"Intel";"Atom x5-Z8350";1.44;2;"Flash Storage";32;0;"Intel";1.4;12734;"Windows"
"Lenovo";"Notebook";15.6;1920;1080;0;"Intel";"Core i5";2.5;4;"SSD";128;0;"Intel";2.2;24935;"N/A"
"Asus";"2 in 1 Convertible";13.3;1920;1080;1;"Intel";"Core i5";2.5;6;"HDD";1024;0;"Intel";1.5;34046;"Windows"
"Asus";"Ultrabook";14.0;1920;1080;0;"Intel";"Core i7";2.7;16;"SSD";512;0;"Intel";11.1;101232;"Windows"
"Dell";"Gaming";15.6;1920;1080;0;"Intel";"Core i7";2.8;16;"Hybrid";256;1024;"Nvidia";2.62;78801;"Windows"
"Lenovo";"Notebook";15.6;1920;1080;0;"Intel";"Core i5";1.6;4;"SSD";256;0;"Intel";1.8;44169;"Windows"
"Lenovo";"Notebook";15.6;1920;1080;0;"Intel";"Core i3";2.0;4;"HDD";1024;0;"Nvidia";2.2;30849;"Windows"
"Asus";"Notebook";15.6;1366;768;0;"Intel";"Celeron Dual";1.1;8;"HDD";1024;0;"Intel";2.0;21259;"Windows"
"Asus";"Notebook";15.6;1920;1080;0;"Intel";"Core i5";2.5;8;"HDD";1024;0;"Nvidia";1.99;48305;"Windows"
"Dell";"Ultrabook";13.3;3200;1800;1;"Intel";"Core i5";1.6;8;"SSD";256;0;"Intel";1.23;99580;"Windows"
"Lenovo";"Notebook";14.0;1366;768;0;"Intel";"Celeron Dual";1.6;2;"Flash Storage";32;0;"Intel";1.42;13267;"Windows"
"Lenovo";"2 in 1 Convertible";13.3;1920;1080;1;"Intel";"Core i7";2.7;8;"SSD";256;0;"Intel";1.37;93635;"Windows"
"Dell";"Notebook";15.6;3840;2160;1;"Intel";"Core i7";2.8;16;"SSD";1024;0;"Nvidia";2.06;127819;"Windows"
"Lenovo";"Gaming";15.6;1920;1080;0;"Intel";"Core i7";2.8;8;"Hybrid";128;1024;"Nvidia";2.5;59088;"Windows"
"HP";"Notebook";17.0;1600;900;0;"AMD";"A9-Series 9420";3.0;8;"HDD";1024;0;"AMD";2.6;27754;"Windows"
"Lenovo";"Ultrabook";14.0;1920;1080;0;"Intel";"Core i7";2.7;16;"SSD";512;0;"Intel";1.14;130536;"Windows"
"Asus";"Gaming";15.6;1920;1080;0;"Intel";"Core i7";2.8;8;"HDD";1024;0;"Nvidia";2.5;62284;"N/A"
"Acer";"Notebook";15.6;1366;768;0;"Intel";"Core i3";2.0;4;"HDD";500;0;"Intel";2.4;23976;"Windows"
"Lenovo";"Notebook";14.0;1366;768;0;"Intel";"Celeron Dual";1.6;4;"Flash Storage";32;0;"Intel";1.43;14599;"Windows"
"Acer";"Ultrabook";14.0;1920;1080;0;"Intel";"Core i5";2.5;8;"SSD";256;0;"Intel";1.8;48964;"Windows"
"Razer";"Gaming";14.0;1920;1080;0;"Intel";"Core i7";2.8;16;"SSD";256;0;"Nvidia";1.95;138475;"Windows"
"Toshiba";"Notebook";13.3;1920;1080;0;"Intel";"Core i5";2.3;8;"SSD";256;0;"Intel";1.2;64629;"Windows"
"Lenovo";"Ultrabook";12.5;1920;1080;0;"Intel";"Core i7";2.7;8;"SSD";256;0;"Intel";1.36;84396;"Windows"
"Asus";"Gaming";17.3;1920;1080;0;"Intel";"Core i7";2.7;32;"SSD";512;0;"Nvidia";3.8;149131;"Windows"
"Acer";"Gaming";15.6;1920;1080;0;"Intel";"Core i5";2.5;8;"HDD";1024;0;"Nvidia";2.4;37776;"Linux"
"Dell";"Ultrabook";13.3;1920;1080;0;"Intel";"Core i5";1.6;8;"SSD";256;0;"Intel";1.2;77251;"Windows"
"MSI";"Gaming";15.6;1920;1080;0;"Intel";"Core i7";2.8;8;"Hybrid";128;1024;"Nvidia";2.2;63499;"Windows"
"HP";"Notebook";15.6;1366;768;0;"Intel";"Core i3";2.0;4;"HDD";500;0;"Intel";1.86;19442;"N/A"
"Toshiba";"Notebook";15.6;1920;1080;0;"Intel";"Core i5";2.5;8;"HDD";500;0;"Intel";2.0;56690;"Windows"
"Dell";"Notebook";15.6;1920;1080;0;"Intel";"Core i7";1.8;8;"SSD";256;0;"AMD";6.2;48964;"Windows"
"Dell";"Notebook";15.6;1920;1080;0;"Intel";"Core i7";1.8;16;"Hybrid";256;2048;"AMD";2.2;60473;"Windows"
"Lenovo";"Gaming";15.6;1920;1080;0;"Intel";"Core i7";2.6;8;"Hybrid";128;1024;"Nvidia";3.31;63723;"Windows"
"Dell";"Gaming";17.3;3840;2160;0;"Intel";"Core i7";2.8;32;"Hybrid";512;1024;"Nvidia";4.42;167692;"Windows"
"Dell";"Notebook";14.0;1920;1080;0;"Intel";"Core i5";2.4;8;"SSD";256;0;"Intel";1.56;65481;"Windows"
"Lenovo";"Notebook";15.6;1366;768;0;"Intel";"Celeron Dual";1.1;4;"HDD";500;0;"Intel";2.2;22324;"Windows"
"Lenovo";"Notebook";15.6;1920;1080;0;"Intel";"Core i5";2.3;4;"HDD";500;0;"Intel";2.2;28505;"Windows"
"HP";"Notebook";15.6;1920;1080;0;"Intel";"Core i3";2.0;6;"HDD";1024;0;"AMD";2.04;28718;"Windows"
"MSI";"Gaming";17.3;1920;1080;0;"Intel";"Core i7";2.8;8;"Hybrid";128;1024;"Nvidia";2.7;79215;"Windows"
"Toshiba";"Notebook";15.6;1366;768;0;"Intel";"Core i3";2.1;4;"SSD";128;0;"Intel";2.1;26533;"Windows"
"HP";"Notebook";15.6;1920;1080;0;"Intel";"Core i7";2.7;8;"HDD";1024;0;"AMD";2.1;39694;"Windows"
"Toshiba";"Notebook";15.6;1920;1080;0;"Intel";"Core i5";2.5;8;"SSD";256;0;"Intel";2.0;67026;"Windows"
"Acer";"Notebook";15.6;1366;768;0;"Intel";"Core i3";2.0;4;"SSD";128;0;"Intel";2.1;21951;"Linux"
"Microsoft";"Ultrabook";13.5;2256;1504;1;"Intel";"Core i7";2.8;8;"SSD";256;0;"Intel";1.25;99519;"Windows"
"Lenovo";"Notebook";15.6;1920;1080;0;"Intel";"Core i5";2.5;8;"Hybrid";128;1024;"AMD";1.9;43580;"Windows"
"Lenovo";"2 in 1 Convertible";13.3;1920;1080;1;"Intel";"Core i5";2.5;8;"SSD";256;0;"Intel";1.3;55092;"Windows"
"Lenovo";"Notebook";35.6;1366;768;0;"AMD";"E-Series E2-9000";2.2;4;"SSD";128;0;"AMD";2.2;18595;"Windows"
"HP";"2 in 1 Convertible";14.0;1920;1080;1;"Intel";"Core i3";2.4;4;"SSD";128;0;"Nvidia";1.63;37243;"Windows"
"MSI";"Gaming";15.6;1920;1080;0;"Intel";"Core i7";2.8;16;"Hybrid";256;1024;"Nvidia";2.4;68944;"Windows"
"Asus";"Ultrabook";14.0;1920;1080;0;"Intel";"Core i5";2.5;8;"SSD";256;0;"Intel";1.1;60473;"Windows"
"HP";"2 in 1 Convertible";11.6;1366;768;1;"Intel";"Celeron Dual";1.1;8;"Flash Storage";64;0;"Intel";1.4;26374;"Others"
"LG";"Ultrabook";15.6;1920;1080;0;"Intel";"Core i7";1.8;8;"SSD";512;0;"Intel";1.09;122491;"Windows"
"Acer";"Gaming";15.6;1920;1080;0;"Intel";"Core i5";2.5;16;"SSD";256;0;"Nvidia";2.5;69211;"Windows"
"MSI";"Gaming";15.6;1920;1080;0;"Intel";"Core i5";2.5;8;"SSD";256;0;"Nvidia";2.2;53168;"Windows"
"Asus";"Notebook";15.6;1366;768;0;"Intel";"Celeron Dual";1.1;4;"SSD";128;0;"Intel";1.86;22324;"Windows"
"Dell";"Gaming";15.6;1920;1080;0;"Intel";"Core i5";2.5;16;"Hybrid";128;1024;"Nvidia";3.21;109277;"Windows"
"HP";"Notebook";17.3;1920;1080;0;"Intel";"Core i3";2.0;4;"SSD";256;0;"AMD";2.5;37243;"Windows"
"Lenovo";"2 in 1 Convertible";13.3;1920;1080;1;"Intel";"Core i7";1.8;8;"SSD";512;0;"Intel";1.19;79867;"Windows"
"Dell";"Gaming";15.6;1920;1080;0;"Intel";"Core i7";2.9;16;"Hybrid";256;1024;"Nvidia";3.49;149917;"Windows"
"HP";"Notebook";15.6;1366;768;0;"Intel";"Core i5";2.5;4;"HDD";500;0;"AMD";1.86;32640;"Windows"
"Dell";"Notebook";15.6;1366;768;0;"Intel";"Core i3";2.0;4;"HDD";1024;0;"AMD";2.2;29073;"Windows"
"HP";"Notebook";17.3;1920;1080;0;"AMD";"A10-Series 9600P";2.4;6;"HDD";2048;0;"AMD";2.65;30316;"Windows"
"Lenovo";"Notebook";15.6;1366;768;0;"Intel";"Celeron Dual";1.6;4;"HDD";500;0;"Intel";2.1;16943;"Windows"
"Acer";"Notebook";14.0;1366;768;0;"Intel";"Celeron Dual";1.6;4;"Flash Storage";32;0;"Intel";1.45;19980;"Others"
"Lenovo";"Notebook";14.0;1920;1080;0;"Intel";"Core i5";2.5;4;"SSD";256;0;"Intel";1.7;37243;"Windows"
"HP";"Workstation";17.3;1920;1080;0;"Intel";"Core i7";2.8;8;"HDD";500;0;"Nvidia";3.14;101658;"Windows"
"Lenovo";"2 in 1 Convertible";14.0;2560;1440;1;"Intel";"Core i7";2.7;8;"SSD";256;0;"Intel";1.42;137995;"Windows"
"Toshiba";"Notebook";13.3;1920;1080;0;"Intel";"Core i5";2.5;8;"SSD";256;0;"Intel";1.5;51841;"Windows"
"Acer";"Netbook";11.6;1366;768;0;"Intel";"Celeron Dual";1.6;4;"Flash Storage";32;0;"Intel";1.4;14332;"Windows"
"Lenovo";"2 in 1 Convertible";14.0;1920;1080;1;"Intel";"Core i7";2.7;16;"SSD";512;0;"Intel";1.38;93187;"Windows"
"Asus";"2 in 1 Convertible";12.5;1920;1080;1;"Intel";"Core M";0.9;4;"Flash Storage";64;0;"Intel";1.2;35644;"Others"
"Toshiba";"Ultrabook";13.3;1920;1080;1;"Intel";"Core i7";2.5;16;"SSD";512;0;"Intel";1.36;100007;"Windows"
"Dell";"Gaming";15.6;1920;1080;0;"Intel";"Core i5";2.5;8;"HDD";1024;0;"Nvidia";2.56;43636;"Windows"
"Lenovo";"Notebook";15.6;1920;1080;0;"AMD";"A9-Series 9420";2.9;4;"SSD";256;0;"AMD";2.2;21259;"Windows"
"Lenovo";"Notebook";15.6;1366;768;0;"AMD";"A12-Series 9720P";3.6;8;"HDD";1024;0;"AMD";2.2;22857;"Windows"
"Lenovo";"Notebook";15.6;1920;1080;0;"Intel";"Core i5";2.5;4;"HDD";1024;1024;"Intel";2.1;33111;"Windows"
"Lenovo";"Notebook";15.6;1366;768;0;"Intel";"Core i3";2.0;4;"HDD";500;0;"Intel";1.9;23976;"N/A"
"Dell";"Notebook";15.6;1920;1080;0;"Intel";"Core i5";2.5;8;"SSD";256;0;"Intel";2.18;42358;"Windows"
"Acer";"2 in 1 Convertible";13.3;1920;1080;1;"Intel";"Core i5";1.6;1;"SSD";256;0;"Intel";1.6;53227;"Windows"
"Lenovo";"Workstation";15.6;1920;1080;0;"Intel";"Core i7";2.5;16;"SSD";512;0;"Nvidia";2.18;98834;"Windows"
"Lenovo";"Notebook";14.0;1920;1080;0;"Intel";"Core i5";2.3;8;"SSD";256;0;"Intel";1.8;63456;"Windows"
"HP";"Notebook";17.3;1920;1080;0;"AMD";"A10-Series 9620P";2.5;6;"HDD";2048;0;"AMD";2.71;34899;"Windows"
"Lenovo";"Gaming";15.6;1920;1080;0;"Intel";"Core i7";2.8;8;"Hybrid";128;1024;"Nvidia";2.5;66547;"Windows"
"Dell";"Notebook";14.0;1920;1080;0;"Intel";"Core i5";2.8;8;"SSD";256;0;"Nvidia";1.64;58022;"Linux"
"Dell";"Notebook";15.6;1920;1080;0;"Intel";"Core i5";2.5;8;"HDD";1024;0;"Intel";1.98;38681;"Linux"
"Asus";"Notebook";14.0;1920;1080;0;"Intel";"Celeron Dual";1.1;4;"Flash Storage";32;0;"Intel";1.5;15877;"Windows"
"Dell";"Notebook";15.6;1920;1080;0;"Intel";"Core i5";2.6;16;"SSD";512;0;"Intel";1.93;76012;"Windows"
"Lenovo";"Notebook";14.0;1920;1080;0;"Intel";"Core i5";2.5;8;"SSD";256;0;"Nvidia";1.87;45665;"Windows"
"Dell";"Notebook";15.6;1920;1080;0;"Intel";"Core i5";2.6;8;"SSD";256;0;"Intel";1.9;62817;"Windows"
"Lenovo";"Notebook";15.6;1366;768;0;"AMD";"A6-Series 7310";2.0;4;"HDD";500;0;"AMD";2.19;15877;"Windows"
"Mediacom";"Notebook";14.0;1920;1200;0;"Intel";"Atom Z8350";1.92;4;"HDD";32;0;"Intel";1.4;14119;"Windows"
"HP";"Notebook";17.3;1920;1080;0;"Intel";"Core i7";2.7;8;"SSD";256;0;"Nvidia";2.63;63936;"Windows"
"Lenovo";"Ultrabook";14.0;2560;1440;0;"Intel";"Core i7";2.5;64;"SSD";512;0;"Intel";1.17;89864;"Windows"
"HP";"2 in 1 Convertible";13.3;1366;768;1;"Intel";"Core i5";2.5;8;"SSD";256;0;"Intel";1.58;44574;"Windows"
"Lenovo";"Ultrabook";14.0;1920;1080;0;"Intel";"Core i5";2.5;8;"SSD";256;0;"Intel";1.32;79867;"Windows"
"Dell";"Gaming";17.3;3840;2160;0;"Intel";"Core i7";2.8;32;"Hybrid";1024;1024;"Nvidia";4.36;194973;"Windows"
"MSI";"Gaming";17.3;1920;1080;0;"Intel";"Core i7";2.8;8;"Hybrid";128;1024;"Nvidia";2.7;71847;"Windows"
"Lenovo";"Notebook";15.6;1366;768;0;"Intel";"Core i5";2.5;4;"HDD";1024;0;"Intel";1.9;26102;"N/A"
"Dell";"2 in 1 Convertible";13.3;1920;1080;1;"Intel";"Core i3";2.4;4;"HDD";1024;0;"Intel";1.71;34579;"Windows"
"Dell";"Notebook";15.6;1366;768;0;"Intel";"Core i5";2.5;8;"HDD";1024;0;"AMD";2.32;31410;"Linux"
"HP";"Notebook";15.6;1920;1080;0;"AMD";"A9-Series 9420";3.0;4;"HDD";1024;0;"AMD";2.1;26054;"Windows"
"Acer";"Gaming";17.3;1920;1080;0;"Intel";"Core i7";2.6;16;"Hybrid";128;1024;"Nvidia";4.2;103097;"Windows"
"Dell";"Notebook";15.6;1366;768;0;"Intel";"Core i5";2.5;12;"HDD";1024;0;"Intel";2.25;34579;"Windows"
"HP";"Notebook";15.6;1920;1080;0;"AMD";"A9-Series A9-9420";3.0;6;"Hybrid";128;1024;"AMD";2.1;34632;"Windows"
"Acer";"Notebook";15.6;1366;768;0;"Intel";"Core i5";2.5;4;"HDD";500;0;"Intel";2.4;29784;"Windows"
"Lenovo";"Notebook";13.3;1920;1080;0;"Intel";"Core i5";2.5;8;"SSD";256;0;"Intel";1.44;51149;"Windows"
"Lenovo";"Notebook";15.6;1920;1080;0;"Intel";"Core i7";2.7;4;"HDD";1024;0;"Intel";1.85;41505;"Windows"
"HP";"Workstation";15.6;1920;1080;0;"Intel";"Core i7";2.8;16;"SSD";256;0;"Nvidia";2.6;128884;"Windows"
"Dell";"2 in 1 Convertible";13.3;1920;1080;1;"Intel";"Core i5";1.6;8;"HDD";1024;0;"Intel";1.55;35112;"Windows"
"MSI";"Gaming";15.6;1920;1080;0;"Intel";"Core i7";2.8;16;"Hybrid";256;1024;"Nvidia";1.8;111594;"Windows"
"Acer";"Notebook";15.6;1366;768;0;"Intel";"Core i3";2.0;4;"HDD";500;0;"Intel";2.4;21887;"Windows"
"Dell";"Notebook";15.6;1920;1080;0;"Intel";"Core i7";2.7;8;"Hybrid";128;1024;"Nvidia";2.0;64309;"Windows"
"Dell";"Notebook";15.6;1366;768;0;"Intel";"Core i3";2.0;8;"SSD";256;0;"Intel";2.0;35431;"Windows"
"Toshiba";"Notebook";14.0;1920;1080;1;"Intel";"Core i5";2.5;8;"SSD";256;0;"Intel";1.25;81785;"Windows"
"Lenovo";"2 in 1 Convertible";14.0;1920;1080;1;"Intel";"Core i5";2.5;8;"SSD";256;0;"Intel";1.7;53227;"Windows"
"Lenovo";"Workstation";15.6;3840;2160;0;"Intel";"Core i7";2.8;16;"SSD";1024;0;"Nvidia";2.5;175771;"Windows"
"Acer";"Notebook";14.0;1366;768;0;"Intel";"Celeron Dual";1.6;2;"Flash Storage";32;0;"Intel";1.68;17582;"Others"
"Samsung";"Ultrabook";13.3;1920;1080;0;"Intel";"Core i7";2.7;16;"SSD";256;0;"Intel";0.81;87859;"Windows"
"Dell";"Notebook";14.0;1366;768;0;"Intel";"Core i5";2.5;8;"SSD";256;0;"Intel";1.6;60031;"Windows"
"HP";"Workstation";17.3;1920;1080;0;"Intel";"Xeon E3-1535M";2.9;16;"SSD";256;0;"Nvidia";3.0;233846;"Windows"
"Lenovo";"Netbook";11.6;1366;768;1;"Intel";"Celeron Dual";1.6;4;"SSD";128;0;"Intel";1.4;25308;"Windows"
"HP";"Notebook";15.6;1920;1080;0;"Intel";"Core i5";2.4;8;"SSD";256;0;"Intel";1.84;101232;"Windows"
"Asus";"Notebook";15.6;1366;768;0;"Intel";"Core i5";2.3;4;"HDD";1024;0;"Nvidia";2.45;30849;"N/A"
"Asus";"Notebook";15.6;1366;768;0;"Intel";"Core i7";2.7;4;"SSD";256;0;"Intel";2.37;45283;"Windows"
"Lenovo";"2 in 1 Convertible";13.3;3200;1800;1;"Intel";"Core i5";1.8;8;"SSD";256;0;"Intel";1.3;63883;"Windows"
"HP";"Notebook";15.6;1920;1080;0;"Intel";"Core i5";2.5;8;"Hybrid";128;1024;"Nvidia";2.2;58555;"Windows"
"HP";"Workstation";15.6;1920;1080;0;"Intel";"Core i7";2.6;8;"SSD";256;0;"Nvidia";2.59;83170;"Windows"
"Dell";"Gaming";15.6;3840;2160;0;"Intel";"Core i7";2.8;16;"Hybrid";256;1024;"Nvidia";4.42;152860;"Windows"
"Acer";"Notebook";15.6;1366;768;0;"Intel";"Core i5";2.5;4;"SSD";256;0;"Intel";2.1;31915;"Windows"
"Lenovo";"Gaming";15.6;1920;1080;0;"Intel";"Core i7";2.8;8;"Hybrid";128;1024;"Nvidia";2.5;55837;"Windows"
"Dell";"Ultrabook";12.5;1920;1080;0;"Intel";"Core i7";2.8;16;"SSD";256;0;"Intel";1.18;99048;"Windows"
"Google";"Ultrabook";12.3;2400;1600;1;"Intel";"Core i5";1.2;8;"SSD";256;0;"Intel";1.1;83064;"Others"
"Asus";"Ultrabook";13.3;3200;1800;0;"Intel";"Core i5";2.5;8;"SSD";256;0;"Intel";1.2;60153;"Windows"
"Dell";"Notebook";13.3;1366;768;0;"Intel";"Core i3";2.0;4;"HDD";500;0;"Intel";1.65;45235;"Windows"
"Acer";"Notebook";13.3;1366;768;0;"Intel";"Core i5";2.3;4;"SSD";128;0;"Intel";1.6;34898;"Windows"
"Asus";"Notebook";17.3;1366;768;0;"Intel";"Pentium Quad";1.1;4;"HDD";1024;0;"Nvidia";2.8;25060;"Windows"
"Dell";"Gaming";15.6;3840;2160;1;"Intel";"Core i7";2.6;16;"Hybrid";128;1024;"Nvidia";2.72;58555;"Windows"
"Samsung";"Ultrabook";13.3;1920;1080;1;"Intel";"Core i7";2.7;8;"SSD";256;0;"Intel";1.31;85195;"Windows"
"Acer";"Notebook";15.6;1366;768;0;"Intel";"Pentium Quad";1.1;4;"HDD";1024;0;"Intel";2.1;15877;"Linux"
"Dell";"Notebook";15.6;1920;1080;0;"Intel";"Core i7";2.7;16;"";0;0;"AMD";2.3;62938;"Windows"
"Samsung";"2 in 1 Convertible";15.0;1920;1080;1;"Intel";"Core i7";2.7;16;"SSD";256;0;"AMD";1.71;95851;"Windows"
"Toshiba";"Notebook";14.0;1366;768;0;"Intel";"Core i5";2.3;4;"SSD";128;0;"Intel";1.75;54346;"Windows"
"Dell";"Gaming";15.6;1920;1080;0;"Intel";"Core i7";2.8;8;"HDD";1024;0;"Nvidia";2.62;58555;"Windows"
"Asus";"2 in 1 Convertible";15.6;1920;1080;1;"Intel";"Core i7";2.7;12;"HDD";2048;0;"Nvidia";2.3;44702;"Windows"
"Lenovo";"Notebook";15.6;3840;2160;0;"Intel";"Core i7";2.7;16;"SSD";512;0;"Nvidia";2.5;126274;"Windows"
"Acer";"Notebook";14.0;1920;1080;0;"Intel";"Core i3";2.4;4;"SSD";128;0;"Intel";1.8;33886;"Windows"
"Razer";"Gaming";14.0;1920;1080;0;"Intel";"Core i7";2.8;16;"SSD";512;0;"Nvidia";1.95;154459;"Windows"
"Asus";"Notebook";15.6;1920;1080;0;"Intel";"Pentium Dual";1.1;8;"SSD";128;0;"Intel";2.0;31004;"Windows"
"Dell";"Gaming";17.3;1920;1080;0;"Intel";"Core i7";2.8;32;"Hybrid";1024;1024;"Nvidia";4.42;191211;"Windows"
"Asus";"Gaming";17.3;1920;1080;0;"Intel";"Core i7";2.6;16;"Hybrid";256;1024;"Nvidia";4.3;125208;"Windows"
"Toshiba";"Ultrabook";14.0;1920;1080;0;"Intel";"Core i7";2.6;16;"SSD";512;0;"Nvidia";1.47;93986;"Windows"
"Lenovo";"Notebook";15.6;1366;768;0;"Intel";"Celeron Quad";1.6;8;"HDD";1024;0;"Intel";2.2;17529;"N/A"
"Lenovo";"Ultrabook";14.0;1920;1080;0;"Intel";"Core i7";2.7;16;"SSD";512;0;"Intel";1.7;122491;"Windows"
"MSI";"Gaming";14.0;1920;1080;0;"Intel";"Core i7";2.8;16;"Hybrid";256;1024;"Nvidia";1.6;100752;"Windows"
"MSI";"Gaming";15.6;1920;1080;0;"Intel";"Core i5";2.5;8;"Hybrid";128;1024;"Nvidia";2.2;58022;"Windows"
"Lenovo";"Gaming";15.6;1920;1080;0;"Intel";"Core i7";2.8;4;"HDD";1024;0;"Nvidia";2.4;53227;"Windows"
"Acer";"Gaming";17.3;1920;1080;0;"Intel";"Core i7";2.8;16;"Hybrid";256;1024;"Nvidia";4.2;122491;"Windows"
"Dell";"Gaming";15.6;1920;1080;0;"Intel";"Core i5";2.5;8;"SSD";256;0;"Nvidia";2.62;52481;"Windows"
"Asus";"Gaming";15.6;1920;1080;0;"Intel";"Core i7";2.8;8;"Hybrid";128;1024;"Nvidia";2.24;71342;"Windows"
"Vero";"Notebook";14.0;1920;1080;0;"Intel";"Celeron Dual";1.1;4;"Flash Storage";32;0;"Intel";1.22;10811;"Windows"
"Lenovo";"2 in 1 Convertible";13.3;1920;1080;1;"Intel";"Core i7";2.7;8;"SSD";512;0;"Intel";1.37;104962;"Windows"
"Lenovo";"2 in 1 Convertible";15.6;1920;1080;1;"Intel";"Core i5";2.5;8;"SSD";256;0;"AMD";2.08;51096;"Windows"
"Apple";"Ultrabook";12.0;2304;1440;0;"Intel";"Core M";1.2;8;"Flash Storage";512;0;"Intel";0.92;62071;"Others"
"Lenovo";"2 in 1 Convertible";14.0;2560;1440;1;"Intel";"Core i5";2.5;8;"SSD";256;0;"Intel";1.42;124142;"Windows"
"Asus";"Notebook";14.0;1366;768;0;"Intel";"Celeron Dual";1.1;4;"Flash Storage";32;0;"Intel";1.63;15931;"Windows"
"Dell";"Notebook";15.6;1366;768;0;"Intel";"Core i5";2.5;8;"SSD";128;0;"Intel";1.95;43157;"Windows"
"Lenovo";"2 in 1 Convertible";13.9;1920;1080;1;"Intel";"Core i7";2.7;8;"SSD";256;0;"Intel";1.38;71875;"Windows"
"Dell";"Notebook";15.6;1920;1080;0;"Intel";"Core i3";2.0;8;"SSD";256;0;"AMD";2.0;39374;"Windows"
"HP";"Workstation";15.6;1920;1080;0;"Intel";"Core i7";2.8;8;"SSD";256;0;"Nvidia";3.14;110018;"Windows"
"Asus";"Notebook";15.6;1920;1080;0;"Intel";"Core i5";2.5;8;"SSD";256;0;"Intel";2.37;58555;"Windows"
"Dell";"Ultrabook";13.3;1920;1080;0;"Intel";"Core i5";2.5;8;"SSD";256;0;"Intel";1.29;79867;"Windows"
"Dell";"Notebook";15.6;3840;2160;1;"Intel";"Core i5";2.5;8;"SSD";256;0;"Nvidia";2.06;93187;"Windows"
"Dell";"Netbook";11.6;1366;768;0;"Intel";"Pentium Quad";1.1;4;"SSD";128;0;"Intel";1.63;39640;"Windows"
"HP";"Netbook";12.5;1366;768;0;"Intel";"Core i5";2.6;8;"SSD";256;0;"Intel";1.26;74006;"Windows"
"Toshiba";"Notebook";15.6;1366;768;0;"Intel";"Core i5";2.3;4;"HDD";500;0;"Intel";2.1;41558;"Windows"
"HP";"Notebook";15.6;1366;768;0;"AMD";"A12-Series 9700P";2.5;8;"HDD";2048;0;"AMD";2.04;33513;"Windows"
"Dell";"Gaming";15.6;3840;2160;0;"Intel";"Core i7";2.8;16;"SSD";512;0;"Nvidia";2.62;89457;"Windows"
"Lenovo";"Notebook";15.6;1920;1080;0;"Intel";"Core i5";2.5;4;"HDD";1024;0;"Nvidia";2.4;32448;"Windows"
"HP";"Gaming";17.3;1920;1080;0;"Intel";"Core i7";2.8;12;"HDD";1024;0;"AMD";3.74;93187;"Windows"
"MSI";"Gaming";17.3;1920;1080;0;"Intel";"Core i7";2.8;16;"Hybrid";512;1024;"Nvidia";2.9;128671;"Windows"
"Samsung";"Ultrabook";13.3;1920;1080;0;"Intel";"Core i5";2.5;8;"SSD";256;0;"Intel";0.81;79867;"Windows"
"Dell";"Notebook";15.6;1920;1080;0;"Intel";"Core i7";2.7;8;"HDD";1024;0;"Nvidia";1.98;51202;"Windows"
"Dell";"Notebook";15.6;1920;1080;0;"Intel";"Core i5";2.5;8;"SSD";256;0;"AMD";2.18;42081;"Windows"
"Lenovo";"Ultrabook";14.0;1920;1080;0;"Intel";"Core i7";2.7;8;"SSD";256;0;"Intel";1.32;99048;"Windows"
"Razer";"Ultrabook";12.5;3840;2160;1;"Intel";"Core i7";2.5;16;"SSD";512;0;"Intel";1.29;95851;"Windows"
"HP";"Netbook";11.6;1366;768;0;"Intel";"Celeron Dual";1.6;4;"Flash Storage";16;0;"Intel";1.23;20513;"Others"
"Dell";"Gaming";17.3;1920;1080;0;"Intel";"Core i7";2.8;16;"Hybrid";128;1024;"Nvidia";4.36;133467;"Windows"
"Dell";"Notebook";14.0;1366;768;0;"Intel";"Core i5";2.3;4;"HDD";500;0;"Intel";1.76;40226;"Windows"
"Lenovo";"Notebook";15.6;1366;768;0;"Intel";"Core i3";2.0;4;"HDD";500;0;"Intel";2.1;26102;"Windows"
"Toshiba";"Ultrabook";14.0;1366;768;0;"Intel";"Core i5";2.5;4;"SSD";128;0;"Intel";1.25;58075;"Windows"
"Lenovo";"Ultrabook";14.0;1920;1080;0;"Intel";"Core i7";2.7;8;"SSD";512;0;"Intel";1.13;133147;"Windows"
"MSI";"Gaming";15.6;1920;1080;0;"Intel";"Core i5";2.5;8;"SSD";256;0;"Nvidia";2.4;63883;"Windows"
"Lenovo";"Ultrabook";14.0;1920;1080;0;"Intel";"Core i5";2.5;8;"Flash Storage";256;0;"Intel";1.13;99900;"Windows"
"Toshiba";"Notebook";14.0;1366;768;0;"Intel";"Pentium Dual";2.1;4;"SSD";128;0;"Intel";1.75;26587;"Windows"
"Asus";"2 in 1 Convertible";13.3;1920;1080;1;"Intel";"Core i5";2.5;8;"SSD";256;0;"Intel";1.1;72354;"Windows"
"Dell";"Notebook";14.0;1366;768;0;"Intel";"Core i3";2.0;4;"HDD";500;0;"Intel";1.76;31169;"Windows"
"Acer";"Netbook";11.6;1366;768;0;"Intel";"Celeron Dual";1.6;4;"Flash Storage";32;0;"Intel";1.35;18914;"Others"
"Acer";"Notebook";14.0;1920;1080;0;"Intel";"Core i3";2.4;8;"SSD";128;0;"Intel";1.5;32980;"Windows"
"Razer";"Gaming";17.3;3840;2160;1;"Intel";"Core i7";2.9;32;"SSD";512;0;"Nvidia";3.49;292987;"Windows"
"Lenovo";"Ultrabook";14.0;2560;1440;0;"Intel";"Core i7";2.6;16;"SSD";512;0;"Intel";1.1;111835;"Windows"
"Asus";"Notebook";15.6;1920;1080;0;"Intel";"Core i5";2.5;4;"HDD";1024;0;"Nvidia";2.1;27652;"Linux"
"Lenovo";"Notebook";14.0;1920;1080;0;"Intel";"Core i5";2.3;8;"SSD";256;0;"Intel";1.7;63190;"Windows"
"Lenovo";"Notebook";14.0;1920;1080;0;"Intel";"Core i5";2.6;8;"SSD";256;0;"Intel";1.32;87912;"Windows"
"Dell";"Gaming";15.6;1920;1080;0;"Intel";"Core i7";2.8;16;"Hybrid";256;1024;"Nvidia";3.21;147832;"Windows"
"Asus";"Gaming";17.3;1920;1080;0;"Intel";"Core i7";2.8;16;"Hybrid";256;1024;"Nvidia";2.9;128884;"Windows"
"Toshiba";"Notebook";15.6;1366;768;0;"Intel";"Core i3";2.4;4;"HDD";500;0;"Intel";2.0;35644;"Windows"
"Lenovo";"Notebook";14.0;1366;768;0;"Intel";"Celeron Quad";1.6;4;"Flash Storage";16;0;"Intel";1.5;17316;"Others"
"Asus";"Notebook";15.6;1920;1080;0;"Intel";"Core i5";2.5;8;"HDD";128;0;"Intel";2.3;31435;"Windows"
"Asus";"Gaming";17.3;1920;1080;0;"Intel";"Core i7";2.6;16;"Hybrid";512;1024;"Nvidia";2.73;95851;"Windows"
"Dell";"Gaming";17.3;1920;1080;0;"Intel";"Core i7";2.8;32;"Hybrid";512;1024;"Nvidia";4.42;163724;"Windows"
"HP";"Notebook";17.3;1600;900;0;"Intel";"Core i5";2.5;8;"HDD";1024;0;"Nvidia";2.63;48485;"Windows"
"Dell";"Notebook";15.6;1366;768;0;"Intel";"Core i5";2.5;8;"SSD";128;0;"Intel";2.18;38041;"Windows"
"HP";"Ultrabook";14.0;1920;1080;0;"Intel";"Core i7";2.5;8;"SSD";512;0;"Intel";1.54;99634;"Windows"
"Dell";"Notebook";15.6;1920;1080;0;"Intel";"Core i7";2.7;4;"SSD";256;0;"AMD";2.18;39374;"Windows"
"HP";"2 in 1 Convertible";11.6;1366;768;1;"Intel";"Celeron Dual";1.1;4;"Flash Storage";32;0;"Intel";1.4;32767;"Others"
"Asus";"Ultrabook";13.3;1920;1080;0;"Intel";"Core i5";2.3;8;"SSD";512;0;"Nvidia";1.45;54665;"Windows"
"HP";"2 in 1 Convertible";13.3;1920;1080;1;"Intel";"Core i5";2.5;8;"SSD";256;0;"Intel";1.28;121319;"Windows"
"HP";"Ultrabook";14.0;1920;1080;0;"Intel";"Core i7";2.5;8;"SSD";512;0;"Intel";1.54;78215;"Windows"
"HP";"Notebook";15.6;1366;768;0;"Intel";"Celeron Dual";1.6;4;"SSD";128;0;"Intel";1.86;15931;"N/A"
"Asus";"Gaming";15.6;1920;1080;0;"Intel";"Core i7";2.8;16;"Hybrid";128;1024;"Nvidia";2.1;101179;"Windows"
"Dell";"Notebook";17.3;1920;1080;0;"Intel";"Core i7";2.7;8;"HDD";1024;0;"AMD";2.83;46087;"Linux"
"Lenovo";"Ultrabook";14.0;1920;1080;0;"Intel";"Core i7";2.8;8;"SSD";256;0;"Nvidia";1.96;101392;"Windows"
"Asus";"Notebook";15.6;1920;1080;0;"Intel";"Core i7";2.7;8;"SSD";256;0;"Nvidia";2.3;41931;"Windows"
"Dell";"Notebook";15.6;1920;1080;0;"Intel";"Core i5";2.5;8;"SSD";128;0;"Intel";1.9;50350;"Windows"
"Asus";"Notebook";15.6;1366;768;0;"Intel";"Pentium Quad";1.1;4;"HDD";1024;0;"Intel";2.0;23923;"Windows"
"HP";"2 in 1 Convertible";13.3;1920;1080;1;"Intel";"Core i7";2.8;8;"SSD";256;0;"Intel";1.28;136344;"Windows"
"Dell";"Notebook";13.3;1920;1080;1;"Intel";"Core i5";2.3;8;"HDD";1024;0;"Intel";1.62;34579;"Windows"
"Lenovo";"Notebook";15.6;1920;1080;0;"Intel";"Core i3";2.0;4;"HDD";1024;0;"Intel";2.2;24988;"N/A"
"Lenovo";"Notebook";15.6;1920;1080;0;"Intel";"Core i5";2.5;8;"HDD";1024;0;"Intel";2.3;45323;"Windows"
"HP";"Notebook";15.6;1920;1080;0;"Intel";"Core i5";2.6;8;"SSD";256;0;"AMD";1.84;71875;"Windows"
"Toshiba";"Notebook";13.3;1920;1080;0;"Intel";"Core i5";2.5;4;"SSD";128;0;"Intel";1.05;68465;"Windows"
"Lenovo";"Gaming";15.6;1920;1080;0;"Intel";"Core i5";2.5;8;"HDD";1024;0;"Nvidia";2.5;54186;"N/A"
"Dell";"Ultrabook";13.3;3200;1800;1;"Intel";"Core i7";2.5;16;"SSD";512;0;"Intel";1.29;119347;"Windows"
"HP";"Notebook";15.6;1920;1080;0;"Intel";"Core i5";2.3;4;"HDD";500;0;"Intel";2.07;48485;"Windows"
"Toshiba";"Ultrabook";13.3;1366;768;0;"Intel";"Core i5";2.3;8;"SSD";256;0;"Intel";1.2;58342;"Windows"
"Lenovo";"2 in 1 Convertible";13.3;1920;1080;1;"Intel";"Core i7";2.7;8;"SSD";256;0;"Intel";1.37;103896;"Windows"
"Acer";"Notebook";14.0;1920;1080;0;"Intel";"Core i5";2.5;8;"SSD";256;0;"Intel";1.56;48059;"Windows"
"Dell";"Workstation";15.6;1920;1080;0;"Intel";"Core i7";2.8;8;"HDD";1024;0;"Nvidia";2.23;94732;"Windows"
"Lenovo";"Notebook";15.6;1366;768;0;"Intel";"Core i5";2.5;4;"HDD";500;0;"Intel";2.38;56210;"Windows"
"Lenovo";"Notebook";15.6;1920;1080;0;"Intel";"Core i3";2.0;4;"HDD";1024;0;"AMD";2.2;25521;"N/A"
"Toshiba";"Notebook";15.6;1920;1080;0;"Intel";"Core i7";2.7;8;"SSD";256;0;"Intel";2.0;73953;"Windows"
"Lenovo";"Notebook";13.3;1920;1080;0;"Intel";"Core i3";2.4;4;"SSD";180;0;"Intel";1.44;39161;"Windows"
"Samsung";"Ultrabook";15.0;1920;1080;0;"Intel";"Core i7";2.7;16;"SSD";256;0;"Nvidia";1.23;98515;"Windows"
"Dell";"Ultrabook";12.5;1920;1080;0;"Intel";"Core i7";2.8;8;"SSD";256;0;"Intel";1.6;90043;"Windows"
"Asus";"Notebook";15.6;1366;768;0;"Intel";"Pentium Quad";1.1;4;"HDD";1024;0;"Intel";2.0;21258;"Linux"
"Xiaomi";"Ultrabook";13.3;1920;1080;0;"Intel";"Core i5";2.3;8;"SSD";256;0;"Nvidia";1.28;49817;"Windows"
"Dell";"Notebook";15.6;1920;1080;0;"Intel";"Core i5";2.5;4;"Hybrid";128;1024;"Nvidia";2.18;48618;"Windows"
"HP";"Notebook";15.6;1920;1080;0;"Intel";"Core i5";2.5;4;"SSD";256;0;"Intel";2.04;44702;"Windows"
"HP";"2 in 1 Convertible";13.3;1920;1080;1;"Intel";"Core i5";2.5;4;"SSD";256;0;"Intel";1.28;90576;"Windows"
"HP";"2 in 1 Convertible";15.6;1366;768;1;"Intel";"Core i5";2.5;4;"HDD";500;0;"Intel";2.3;36486;"Windows"
"Asus";"Notebook";14.1;1366;768;0;"Intel";"Celeron Dual";1.1;4;"Flash Storage";32;0;"Intel";1.65;18541;"Windows"
"Lenovo";"Notebook";15.6;1920;1080;0;"Intel";"Core i7";2.5;8;"HDD";1024;0;"Nvidia";2.2;35644;"Windows"
"Dell";"Notebook";15.6;1366;768;0;"Intel";"Pentium Quad";1.6;4;"HDD";500;0;"Intel";2.2;19660;"Windows"
"HP";"2 in 1 Convertible";13.3;1920;1080;1;"Intel";"Core i5";2.5;4;"SSD";256;0;"Intel";1.28;95851;"Windows"
"Dell";"Notebook";15.6;1366;768;0;"Intel";"Core i3";2.0;4;"HDD";1024;0;"AMD";2.18;24280;"Linux"
"Asus";"Gaming";17.3;1920;1080;0;"Intel";"Core i5";2.5;12;"Hybrid";128;1024;"Nvidia";2.2;72988;"Windows"
"Acer";"Netbook";11.6;1366;768;0;"Intel";"Celeron Dual";1.6;4;"Flash Storage";32;0;"Intel";1.25;15824;"Others"
"Lenovo";"Notebook";17.3;1600;900;0;"AMD";"A4-Series 7210";2.2;4;"HDD";500;0;"AMD";2.8;20193;"Windows"
"HP";"Notebook";14.0;1920;1080;0;"Intel";"Core i5";2.5;4;"SSD";128;0;"Intel";1.95;67399;"Windows"
"HP";"2 in 1 Convertible";13.3;3200;1800;1;"Intel";"Core i7";2.7;16;"SSD";256;0;"Intel";1.42;74539;"Windows"
"Samsung";"Ultrabook";15.0;1920;1080;0;"Intel";"Core i7";2.7;8;"SSD";256;0;"Intel";1.17;90523;"Windows"
"Lenovo";"Ultrabook";14.0;1920;1080;0;"Intel";"Core i5";2.5;8;"SSD";256;0;"Intel";1.32;95851;"Windows"
"MSI";"Gaming";17.3;3840;2160;0;"Intel";"Core i7";2.6;16;"Hybrid";512;2048;"Nvidia";2.43;141139;"Windows"
"Toshiba";"Notebook";13.3;1920;1080;0;"Intel";"Core i5";2.5;8;"SSD";256;0;"Intel";1.05;78588;"Windows"
"Dell";"Gaming";15.6;1920;1080;0;"Intel";"Core i7";2.8;8;"HDD";1024;0;"Nvidia";2.62;49497;"Linux"
"HP";"Notebook";15.6;1920;1080;0;"Intel";"Core i7";2.7;8;"HDD";1024;0;"Nvidia";2.04;47952;"Windows"
"Dell";"Notebook";15.6;1366;768;0;"Intel";"Core i3";2.0;4;"HDD";1024;0;"AMD";2.18;32714;"Windows"
"Dell";"Notebook";15.6;1920;1080;0;"Intel";"Core i5";2.6;8;"HDD";500;0;"Intel";1.9;49817;"Windows"
"Dell";"2 in 1 Convertible";13.3;3200;1800;1;"Intel";"Core i7";1.3;8;"SSD";512;0;"Intel";1.24;107258;"Windows"
"Asus";"Gaming";17.3;1920;1080;0;"Intel";"Core i7";2.7;32;"SSD";256;256;"Nvidia";3.58;68145;"Windows"
"Dell";"2 in 1 Convertible";13.3;1920;1080;1;"Intel";"Core i7";1.3;16;"SSD";256;0;"Intel";1.22;87859;"Windows"
"Lenovo";"Ultrabook";14.0;1920;1080;0;"Intel";"Core i7";2.7;8;"Flash Storage";256;0;"Intel";1.13;109171;"Windows"
"Lenovo";"Notebook";15.6;1920;1080;0;"Intel";"Core i5";2.5;8;"SSD";512;0;"Intel";1.95;104588;"Windows"
"LG";"Ultrabook";15.6;1920;1080;1;"Intel";"Core i7";2.7;16;"SSD";512;0;"Intel";1.08;111835;"Windows"
"HP";"Netbook";12.5;1920;1080;0;"Intel";"Core i7";2.7;8;"SSD";512;0;"Intel";1.26;79014;"Windows"
"Acer";"Notebook";15.6;1920;1080;0;"Intel";"Celeron Dual";1.5;4;"Flash Storage";16;0;"Intel";2.2;19128;"Others"
"Lenovo";"Notebook";15.6;1920;1080;0;"Intel";"Core i5";2.3;8;"Hybrid";128;1024;"Nvidia";2.6;42038;"Windows"
"LG";"Ultrabook";14.0;1920;1080;1;"Intel";"Core i7";2.7;8;"SSD";512;0;"Intel";0.98;101179;"Windows"
"Dell";"Notebook";14.0;1920;1080;0;"Intel";"Core i5";2.8;8;"SSD";256;0;"Intel";1.6;64202;"Windows"
"HP";"Ultrabook";12.5;3840;2160;1;"Intel";"Core M";1.2;8;"SSD";240;0;"Intel";1.09;165168;"Windows"
"Lenovo";"Notebook";15.6;1920;1080;0;"Intel";"Core i7";2.7;6;"SSD";256;0;"Nvidia";2.2;42038;"Windows"
"HP";"Notebook";15.6;1920;1080;0;"Intel";"Core i7";2.7;8;"SSD";256;0;"Nvidia";2.04;54292;"Windows"
"Acer";"Notebook";15.6;1920;1080;0;"Intel";"Core i3";2.4;4;"HDD";1024;0;"Intel";2.4;26587;"Windows"
"Lenovo";"Notebook";13.3;1920;1080;0;"Intel";"Core i5";2.5;4;"SSD";128;0;"Intel";1.44;46940;"Windows"
"HP";"Notebook";13.3;1920;1080;0;"Intel";"Core i5";2.5;8;"SSD";256;0;"Intel";1.49;51149;"Windows"
"MSI";"Gaming";17.3;1920;1080;0;"Intel";"Core i7";2.8;16;"Hybrid";256;1024;"Nvidia";2.7;85195;"Windows"
"Dell";"Gaming";15.6;1920;1080;0;"Intel";"Core i7";2.8;16;"Hybrid";128;1024;"Nvidia";2.6;71875;"Windows"
"MSI";"Gaming";15.6;1920;1080;0;"Intel";"Core i5";2.5;8;"Hybrid";128;1024;"Nvidia";2.2;59669;"Windows"
"Dell";"Notebook";15.6;1366;768;0;"Intel";"Core i5";2.5;4;"HDD";1024;0;"AMD";2.18;36496;"Windows"
"HP";"Ultrabook";15.6;1920;1080;0;"Intel";"Core i7";2.5;8;"SSD";256;0;"AMD";1.84;69104;"Windows"
"Lenovo";"2 in 1 Convertible";13.3;1920;1080;1;"Intel";"Core i5";2.5;8;"SSD";512;0;"Intel";1.37;97236;"Windows"
"Dell";"Notebook";15.6;1366;768;0;"Intel";"Core i5";2.3;4;"HDD";500;0;"Intel";1.95;38889;"Windows"
"Lenovo";"Ultrabook";12.5;1920;1080;0;"Intel";"Core i7";2.7;8;"SSD";256;0;"Intel";1.36;87912;"Windows"
"HP";"Notebook";15.6;1920;1080;0;"Intel";"Core i5";2.3;8;"SSD";256;0;"Intel";2.31;62071;"Windows"
"Dell";"Notebook";15.6;1366;768;0;"Intel";"Core i5";2.5;4;"HDD";1024;0;"Intel";2.18;37725;"Windows"
"HP";"Notebook";14.0;1366;768;0;"Intel";"Core i5";2.3;4;"HDD";500;0;"Intel";1.95;61219;"Windows"
"Lenovo";"Notebook";15.6;1366;768;0;"Intel";"Pentium Quad";1.1;4;"HDD";1024;0;"Intel";2.2;16464;"Windows"
"HP";"Ultrabook";12.5;1920;1080;0;"Intel";"Core i5";2.3;4;"HDD";500;0;"Intel";1.26;84129;"Windows"
"HP";"Notebook";15.6;1366;768;0;"Intel";"Celeron Dual";1.6;4;"HDD";1024;0;"Intel";1.86;15393;"N/A"
"Lenovo";"2 in 1 Convertible";13.3;3200;1800;1;"Intel";"Core i7";2.2;16;"SSD";1024;0;"Intel";1.3;95851;"Windows"
"Toshiba";"Notebook";14.0;1920;1080;0;"Intel";"Core i5";2.3;4;"SSD";128;0;"Intel";1.47;58874;"Windows"
"HP";"Netbook";12.5;1920;1080;0;"Intel";"Core i5";2.3;8;"SSD";256;0;"Intel";1.26;88924;"Windows"
"Dell";"Notebook";15.6;1366;768;0;"Intel";"Core i3";2.0;4;"HDD";1024;0;"Intel";2.18;29762;"Windows"
"MSI";"Gaming";15.6;1920;1080;0;"Intel";"Core i7";2.8;8;"Hybrid";128;1024;"Nvidia";2.2;63883;"Windows"
"Dell";"Gaming";17.3;2560;1440;0;"Intel";"Core i7";2.7;16;"Hybrid";512;1024;"Nvidia";4.36;146946;"Windows"
"HP";"Gaming";17.3;1920;1080;0;"Intel";"Core i5";2.3;8;"Hybrid";128;1024;"Nvidia";2.75;74539;"Windows"
"Asus";"Notebook";17.3;1600;900;0;"Intel";"Pentium Quad";1.6;4;"HDD";1024;0;"Nvidia";2.8;28238;"Windows"
"Acer";"Notebook";15.6;1366;768;0;"Intel";"Core i5";2.5;4;"HDD";500;0;"Intel";2.23;32980;"Windows"
"Toshiba";"Notebook";15.6;1366;768;0;"Intel";"Core i5";2.3;8;"SSD";256;0;"Intel";2.2;59620;"Windows"
"Lenovo";"2 in 1 Convertible";11.3;1920;1080;1;"Intel";"Core M";1.2;8;"SSD";256;0;"Intel";1.1;69211;"Windows"
"Lenovo";"Gaming";15.6;1920;1080;0;"AMD";"FX 8800P";2.1;16;"Hybrid";512;1024;"AMD";2.5;53227;"Windows"
"Dell";"Ultrabook";12.5;1920;1080;1;"Intel";"Core i5";2.5;8;"SSD";256;0;"Intel";1.36;78439;"Windows"
"Lenovo";"Notebook";15.6;1920;1080;0;"Intel";"Core i7";2.7;8;"HDD";1024;0;"Nvidia";2.2;36497;"N/A"
"Dell";"Notebook";17.3;1600;900;0;"Intel";"Core i3";2.0;4;"HDD";1024;0;"AMD";2.36;35112;"Windows"
"Acer";"Notebook";14.0;1366;768;0;"Intel";"Celeron Dual";1.6;4;"Flash Storage";32;0;"Intel";1.68;18595;"Others"
"HP";"Workstation";15.6;1920;1080;0;"Intel";"Core i7";2.7;8;"SSD";8;0;"Nvidia";2.0;119827;"Windows"
"Dell";"Ultrabook";14.0;1920;1080;0;"Intel";"Core i7";2.8;8;"SSD";256;0;"Intel";1.36;94572;"Windows"
"Toshiba";"Notebook";13.3;1920;1080;0;"Intel";"Core i5";2.3;8;"SSD";256;0;"Intel";1.2;77789;"Windows"
"Asus";"2 in 1 Convertible";12.5;1920;1080;0;"Intel";"Core M";1.2;8;"Flash Storage";64;0;"Intel";1.2;61752;"Others"
"Lenovo";"Ultrabook";14.0;1920;1080;0;"Intel";"Core i7";2.6;8;"SSD";256;0;"Intel";1.7;79333;"Windows"
"Dell";"Gaming";17.3;3840;2160;0;"Intel";"Core i7";2.8;16;"Hybrid";512;1024;"Nvidia";4.36;168045;"Windows"
"Dell";"2 in 1 Convertible";13.3;1920;1080;1;"Intel";"Core i5";1.2;8;"SSD";256;0;"Intel";1.24;101179;"Windows"
"HP";"2 in 1 Convertible";11.6;1366;768;1;"Intel";"Pentium Quad";1.1;4;"SSD";256;0;"Intel";1.45;41292;"Windows"
"Dell";"Ultrabook";13.3;3200;1800;0;"Intel";"Core i7";2.5;8;"SSD";256;0;"Intel";1.3;67559;"Windows"
"Acer";"2 in 1 Convertible";11.6;1366;768;1;"Intel";"Celeron Dual";1.6;4;"Flash Storage";32;0;"Intel";1.25;20726;"Others"
"Toshiba";"Notebook";13.3;1920;1080;0;"Intel";"Core i5";2.4;8;"SSD";256;0;"Intel";1.2;81785;"Windows"
"Lenovo";"Ultrabook";12.5;1920;1080;0;"Intel";"Core i5";2.6;8;"SSD";256;0;"Intel";1.36;93773;"Windows"
"Acer";"Notebook";15.6;1920;1080;0;"Intel";"Core i5";2.5;12;"Hybrid";128;1024;"Nvidia";2.4;53760;"Windows"
"Toshiba";"Ultrabook";12.5;1920;1080;1;"Intel";"Core i7";2.7;8;"SSD";512;0;"Intel";1.1;95371;"Windows"
"HP";"Notebook";15.6;1366;768;0;"Intel";"Core i5";2.5;8;"HDD";1024;0;"Nvidia";2.04;45102;"Windows"
"Dell";"Notebook";15.6;1366;768;0;"Intel";"Core i3";2.0;4;"HDD";1024;0;"AMD";2.25;24808;"Linux"
"Dell";"Notebook";15.6;1366;768;0;"Intel";"Core i5";2.5;4;"HDD";500;0;"Intel";1.9;43956;"Windows"
"HP";"Notebook";15.6;1920;1080;0;"Intel";"Core i3";2.4;4;"HDD";500;0;"Intel";2.04;36497;"Windows"
"Dell";"Gaming";17.3;1920;1080;0;"Intel";"Core i7";2.8;32;"Hybrid";256;1024;"Nvidia";4.42;167779;"Windows"
"Lenovo";"Notebook";15.6;1920;1080;0;"Intel";"Core i5";2.5;6;"SSD";256;0;"Nvidia";2.4;37030;"Windows"
"Dell";"2 in 1 Convertible";13.3;3200;1800;1;"Intel";"Core i7";1.3;16;"SSD";512;0;"Intel";1.22;101179;"Windows"
"Dell";"Ultrabook";14.0;2560;1440;1;"Intel";"Core i7";2.6;8;"SSD";256;0;"Intel";1.5;104588;"Windows"
"Dell";"Gaming";17.3;1920;1080;0;"Intel";"Core i7";2.6;32;"Hybrid";256;1024;"Nvidia";4.42;149184;"Windows"
"Toshiba";"Notebook";14.0;1920;1080;0;"Intel";"Core i5";2.3;8;"SSD";256;0;"Intel";1.95;62870;"Windows"
"Asus";"Gaming";17.3;1920;1080;0;"Intel";"Core i7";2.8;16;"Hybrid";256;1024;"Nvidia";2.73;109219;"Windows"
"HP";"Notebook";15.6;1920;1080;0;"Intel";"Core i5";2.7;8;"Hybrid";128;1024;"Nvidia";2.04;52161;"Windows"
"Lenovo";"Notebook";14.0;1366;768;0;"Intel";"Core i5";2.3;4;"";508;0;"Intel";1.7;53387;"Windows"
"Asus";"2 in 1 Convertible";15.6;3840;2160;1;"Intel";"Core i7";2.7;16;"Hybrid";512;2048;"Nvidia";2.3;95851;"Windows"
"Asus";"Gaming";17.3;1920;1080;0;"Intel";"Core i7";2.8;16;"Hybrid";256;1024;"Nvidia";2.99;93187;"Windows"
"Dell";"2 in 1 Convertible";15.6;1920;1080;1;"Intel";"Core i7";2.7;12;"SSD";512;0;"Intel";2.19;69211;"Windows"
"Toshiba";"Notebook";13.3;1920;1080;0;"Intel";"Core i5";2.3;4;"SSD";128;0;"Intel";1.2;63670;"Windows"
"Lenovo";"Notebook";15.6;1920;1080;0;"AMD";"A12-Series 9720P";3.6;6;"SSD";256;0;"AMD";2.2;29251;"Windows"
"Fujitsu";"Notebook";15.6;1366;768;0;"Intel";"Core i5";2.3;4;"SSD";256;0;"Intel";2.3;34579;"Windows"
"Toshiba";"Notebook";14.0;1366;768;0;"Intel";"Core i5";2.3;4;"HDD";500;0;"Intel";1.75;48751;"Windows"
"Dell";"Notebook";15.6;1366;768;0;"Intel";"Core i5";2.5;4;"HDD";500;0;"AMD";2.25;31915;"Windows"
"HP";"Notebook";15.6;1920;1080;0;"Intel";"Core i5";2.5;8;"HDD";1024;0;"Intel";2.04;42944;"Windows"
"Lenovo";"Gaming";15.6;1920;1080;0;"Intel";"Core i7";2.8;8;"Hybrid";128;1024;"Nvidia";2.5;63350;"Windows"
"Dell";"Notebook";15.6;1366;768;0;"Intel";"Core i7";2.7;8;"HDD";1024;0;"AMD";2.36;39907;"Windows"
"Dell";"Notebook";14.0;1920;1080;0;"Intel";"Core i5";2.5;8;"SSD";128;0;"Intel";1.6;59620;"Windows"
"HP";"Netbook";12.5;1920;1080;0;"Intel";"Core M";1.2;8;"SSD";512;0;"Intel";0.97;101658;"Windows"
"HP";"Notebook";15.6;1920;1080;0;"Intel";"Core i3";2.0;4;"Hybrid";128;1024;"AMD";2.1;26587;"Windows"
"Lenovo";"Notebook";15.6;1366;768;0;"Intel";"Celeron Dual";1.1;4;"SSD";128;0;"Intel";1.9;14419;"N/A"
"Lenovo";"Notebook";15.6;1920;1080;0;"Intel";"Core i5";2.3;8;"SSD";256;0;"Intel";2.3;71875;"Windows"
"Asus";"Notebook";13.3;3200;1800;0;"Intel";"Core i5";2.5;8;"SSD";256;0;"Intel";1.4;61272;"Windows"
"HP";"Ultrabook";13.3;1920;1080;1;"Intel";"Core i7";2.7;8;"SSD";256;0;"Intel";1.11;71875;"Windows"
"Acer";"Notebook";15.6;1366;768;0;"Intel";"Pentium Quad";1.1;4;"HDD";500;0;"Intel";2.4;20246;"Windows"
"Asus";"Gaming";15.6;1920;1080;0;"Intel";"Core i7";2.8;16;"Hybrid";256;1024;"Nvidia";2.5;95851;"Windows"
"HP";"Ultrabook";14.0;1920;1080;0;"Intel";"Core i7";2.7;8;"SSD";512;0;"Intel";1.48;111302;"Windows"
"Acer";"Gaming";15.6;1920;1080;0;"Intel";"Core i7";2.8;8;"Hybrid";128;1024;"Nvidia";2.7;67133;"Windows"
"HP";"Notebook";13.3;1920;1080;0;"Intel";"Core i5";2.5;8;"SSD";256;0;"Intel";1.34;63350;"Windows"
"Dell";"Notebook";15.6;1366;768;0;"Intel";"Core i3";2.4;4;"SSD";128;0;"Intel";2.18;29144;"Windows"
"HP";"Notebook";14.0;1366;768;0;"Intel";"Core i5";2.5;4;"HDD";500;0;"Intel";1.64;41505;"Windows"
"Toshiba";"Notebook";13.3;1920;1080;0;"Intel";"Core i5";2.3;4;"SSD";128;0;"Intel";1.2;63670;"Windows"
"HP";"Notebook";14.0;1366;768;0;"Intel";"Core i5";2.4;4;"SSD";256;0;"Intel";1.48;58607;"Windows"
"HP";"Notebook";14.0;1920;1080;0;"Intel";"Core i5";2.5;4;"SSD";256;0;"Intel";1.95;64202;"Windows"
"HP";"Ultrabook";14.0;1920;1080;0;"Intel";"Core i7";2.6;8;"SSD";256;0;"Intel";1.43;77203;"Windows"
"HP";"Notebook";14.0;1920;1080;0;"Intel";"Core i5";2.5;8;"SSD";256;0;"Nvidia";1.64;55905;"Windows"
"HP";"Notebook";14.0;1366;768;0;"Intel";"Core i3";2.4;4;"HDD";500;0;"Intel";1.64;36444;"Windows"
"Dell";"Gaming";15.6;1920;1080;0;"Intel";"Core i5";2.5;8;"";1024;0;"Nvidia";2.65;50563;"Windows"
"HP";"Ultrabook";12.5;1920;1080;0;"Intel";"Core i5";2.5;4;"HDD";500;0;"Intel";1.26;81998;"Windows"
"HP";"Notebook";14.0;1920;1080;0;"Intel";"Core i5";2.5;4;"SSD";256;0;"Intel";1.48;84715;"Windows"
"HP";"Ultrabook";14.0;1920;1080;0;"Intel";"Core i7";2.5;8;"SSD";256;0;"Intel";1.54;100551;"Windows"
"HP";"Notebook";13.3;1366;768;0;"Intel";"Core i3";2.4;4;"HDD";500;0;"Intel";1.49;42624;"Windows"
"Toshiba";"Notebook";13.3;1366;768;0;"Intel";"Core i5";2.3;8;"SSD";256;0;"Intel";1.5;64469;"Windows"
"HP";"Notebook";15.6;1366;768;0;"Intel";"Core i3";2.4;4;"SSD";256;0;"Intel";2.04;41025;"Windows"
"Lenovo";"Notebook";17.3;3840;2160;0;"Intel";"Core i7";2.7;16;"SSD";512;0;"Nvidia";2.4;158135;"Windows"
"Toshiba";"Notebook";14.0;1920;1080;0;"Intel";"Core i5";2.3;8;"SSD";256;0;"Intel";1.47;79387;"Windows"
"HP";"Notebook";14.0;1920;1080;0;"Intel";"Core i7";2.5;8;"SSD";256;0;"Intel";1.43;118761;"Windows"
"Dell";"2 in 1 Convertible";15.6;1920;1080;1;"Intel";"Core i3";2.3;4;"HDD";1024;0;"Intel";2.08;42410;"Windows"
"Toshiba";"Ultrabook";13.3;1920;1080;0;"Intel";"Core i5";2.3;8;"SSD";256;0;"Intel";1.2;84715;"Windows"
"HP";"Notebook";13.3;1920;1080;0;"Intel";"Core i5";2.5;8;"SSD";256;0;"Intel";1.11;61219;"Windows"
"HP";"Notebook";14.0;1920;1080;0;"Intel";"Core i7";2.7;8;"SSD";256;0;"Nvidia";1.64;63160;"Windows"
"Dell";"Notebook";15.6;1920;1080;0;"Intel";"Core i5";2.4;8;"HDD";500;0;"Intel";2.09;55754;"Windows"
"HP";"Ultrabook";12.5;1366;768;0;"Intel";"Core i5";2.5;4;"SSD";256;0;"Intel";1.26;83064;"Windows"
"HP";"Notebook";14.0;1366;768;0;"Intel";"Core i5";2.5;4;"HDD";500;0;"Intel";2.31;63350;"Windows"
"HP";"Notebook";14.0;1366;768;0;"Intel";"Core i5";2.5;4;"HDD";500;0;"Intel";1.95;56477;"Windows"
"Dell";"Ultrabook";13.3;3200;1800;1;"Intel";"Core i5";2.5;8;"SSD";256;0;"Intel";1.29;86527;"Windows"
"HP";"Notebook";17.3;1920;1080;0;"Intel";"Core i5";2.5;8;"SSD";256;0;"Nvidia";2.63;57542;"Windows"
"HP";"Notebook";14.0;1366;768;0;"Intel";"Core i5";2.5;4;"SSD";256;0;"Intel";1.64;51841;"Windows"
"Acer";"Notebook";15.6;1366;768;0;"AMD";"A9-Series 9420";3.0;6;"HDD";1024;0;"AMD";2.1;21792;"Windows"
"MSI";"Gaming";17.3;1920;1080;0;"Intel";"Core i7";2.8;8;"Hybrid";128;1024;"Nvidia";2.7;63499;"Windows"
"HP";"Notebook";14.0;1920;1080;0;"Intel";"Core i5";2.3;8;"SSD";256;0;"Intel";1.95;63670;"Windows"
"HP";"Notebook";15.6;1920;1080;0;"Intel";"Core i7";2.5;8;"SSD";256;0;"Intel";1.84;65481;"Windows"
"HP";"Ultrabook";12.5;1920;1080;0;"Intel";"Core i7";2.5;8;"SSD";256;0;"Intel";1.26;71875;"Windows"
"HP";"Notebook";15.6;1366;768;0;"Intel";"Core i5";2.5;4;"HDD";500;0;"Intel";2.04;39534;"Windows"
"Toshiba";"Ultrabook";14.0;1920;1080;0;"Intel";"Core i7";2.6;8;"SSD";256;0;"Intel";1.47;91908;"Windows"
"Dell";"Notebook";15.6;1920;1080;0;"Intel";"Core i5";2.4;8;"SSD";256;0;"Intel";2.09;56634;"Windows"
"HP";"Notebook";14.0;1920;1080;0;"Intel";"Core i5";2.5;8;"SSD";256;0;"Intel";1.64;53840;"Windows"
"Lenovo";"2 in 1 Convertible";15.6;1920;1080;1;"Intel";"Core i7";2.5;4;"SSD";256;0;"Intel";1.8;45128;"Windows"
"Vero";"Notebook";14.0;1366;768;0;"Intel";"Atom X5-Z8350";1.44;2;"Flash Storage";32;0;"Intel";1.45;11231;"Windows"
"Toshiba";"Notebook";15.6;1920;1080;0;"Intel";"Core i7";2.5;16;"SSD";256;0;"Nvidia";2.4;75924;"Windows"
"Lenovo";"Notebook";15.6;1920;1080;0;"Intel";"Core i5";2.3;8;"SSD";256;0;"Intel";2.3;55923;"Windows"
"HP";"Notebook";14.0;1920;1080;0;"Intel";"Core i5";2.3;4;"HDD";500;0;"Intel";1.54;53280;"Windows"
"HP";"Notebook";15.6;1920;1080;0;"Intel";"Core i5";2.4;8;"Hybrid";256;500;"Intel";1.84;112066;"Windows"
"HP";"Notebook";14.0;1920;1080;0;"Intel";"Core i5";2.3;8;"SSD";256;0;"Intel";1.43;78268;"Windows"
"MSI";"Gaming";17.3;1920;1080;0;"Intel";"Core i7";2.7;16;"Hybrid";256;1024;"Nvidia";3.78;82352;"Windows"
"Lenovo";"Gaming";17.3;1920;1080;0;"Intel";"Core i7";2.6;16;"Hybrid";128;1024;"Nvidia";4.6;122011;"Windows"
"Asus";"Netbook";11.6;1366;768;0;"Intel";"Celeron Dual";1.6;4;"Flash Storage";16;0;"Intel";1.2;15339;"Others"
"Lenovo";"Notebook";14.0;2560;1440;0;"Intel";"Core i7";2.6;16;"SSD";256;0;"Intel";1.1;139594;"Windows"
"HP";"Notebook";15.6;1920;1080;0;"Intel";"Core i7";2.7;8;"HDD";1024;0;"Nvidia";1.91;52161;"Windows"
"Dell";"2 in 1 Convertible";15.6;1920;1080;1;"Intel";"Core i5";2.7;8;"SSD";256;0;"Intel";2.3;58288;"Windows"
"HP";"Notebook";15.6;1366;768;0;"Intel";"Core i5";2.5;4;"SSD";256;0;"Intel";2.04;52161;"Windows"
"Dell";"Ultrabook";13.3;3200;1800;1;"Intel";"Core i7";2.7;16;"SSD";1024;0;"Intel";1.2;120093;"Windows"
"HP";"Notebook";15.6;1366;768;0;"Intel";"Core i3";2.3;4;"HDD";500;0;"Intel";2.31;37570;"Windows"
"HP";"Notebook";15.6;1366;768;0;"Intel";"Core i5";2.5;4;"HDD";500;0;"Intel";1.96;26587;"N/A"
"Acer";"Notebook";15.6;1366;768;0;"AMD";"A8-Series 7410";2.2;8;"HDD";1024;0;"AMD";2.4;23923;"Windows"
"Dell";"2 in 1 Convertible";13.3;1920;1080;1;"Intel";"Core i7";2.7;12;"SSD";256;0;"Intel";1.6;69211;"Windows"
"MSI";"Gaming";15.6;1920;1080;0;"Intel";"Core i7";2.6;16;"Hybrid";256;1024;"Nvidia";2.94;96916;"Windows"
"Asus";"Gaming";17.3;1920;1080;0;"Intel";"Core i7";2.6;16;"HDD";1024;0;"Nvidia";4.0;53173;"N/A"
"Dell";"Notebook";15.6;1920;1080;0;"Intel";"Core i5";2.5;4;"HDD";1024;0;"Intel";2.25;29784;"Windows"
"Dell";"Notebook";15.6;1920;1080;0;"Intel";"Core i7";2.7;16;"HDD";2048;0;"AMD";2.32;52747;"Windows"
"MSI";"Gaming";15.6;1920;1080;0;"Intel";"Core i7";2.6;16;"Hybrid";256;1024;"Nvidia";1.8;102777;"Windows"
"Dell";"Ultrabook";13.3;1920;1080;0;"Intel";"Core i7";2.7;8;"SSD";256;0;"Intel";1.29;77682;"Windows"
"Asus";"Gaming";17.3;1920;1080;0;"Intel";"Core i7";2.7;64;"SSD";1024;0;"Nvidia";3.58;211788;"Windows"
"Dell";"2 in 1 Convertible";13.3;1920;1080;1;"Intel";"Core i7";2.5;8;"SSD";256;0;"Intel";1.62;42518;"Windows"
"Dell";"Gaming";15.6;3840;2160;0;"Intel";"Core i7";2.6;16;"Hybrid";256;1024;"Nvidia";3.21;70809;"Windows"
"Apple";"Ultrabook";12.0;2304;1440;0;"Intel";"Core M";1.1;8;"Flash Storage";256;0;"Intel";0.92;69264;"Others"
"Dell";"Notebook";15.6;1366;768;0;"Intel";"Core i3";2.3;4;"HDD";500;0;"Intel";2.06;25680;"Windows"
"HP";"Notebook";15.6;1366;768;0;"Intel";"Core i5";2.3;4;"HDD";500;0;"Intel";2.31;63883;"Windows"
"HP";"Ultrabook";12.5;1920;1080;0;"Intel";"Core i5";2.3;8;"SSD";256;0;"Intel";1.26;63883;"Windows"
"HP";"Notebook";13.3;1920;1080;0;"Intel";"Core i7";2.7;8;"SSD";256;0;"Intel";1.49;58075;"Windows"
"Lenovo";"Ultrabook";12.5;1920;1080;1;"Intel";"Core i7";2.5;8;"SSD";256;0;"Intel";1.3;91295;"Windows"
"Lenovo";"Notebook";17.3;1600;900;0;"Intel";"Core i5";2.3;8;"HDD";1024;0;"AMD";3.0;35112;"Windows"
"Lenovo";"Notebook";15.6;1920;1080;0;"Intel";"Core i5";2.3;4;"HDD";1024;0;"Nvidia";2.3;52055;"Windows"
"MSI";"Gaming";17.3;1920;1080;0;"Intel";"Core i7";2.8;16;"Hybrid";256;1024;"Nvidia";3.78;133147;"Windows"
"Lenovo";"Notebook";15.6;1366;768;0;"Intel";"Core i5";2.3;4;"HDD";500;0;"Intel";2.1;28771;"Windows"
"HP";"Notebook";15.6;1920;1080;0;"Intel";"Core i5";2.3;4;"HDD";500;0;"Intel";2.31;50083;"Windows"
"Lenovo";"Ultrabook";12.5;2560;1440;1;"Intel";"Core M";1.2;8;"SSD";512;0;"Intel";0.99;74539;"Windows"
"Lenovo";"Gaming";17.3;1920;1080;0;"Intel";"Core i7";2.7;32;"SSD";512;1024;"Nvidia";4.6;172627;"Windows"
"Lenovo";"2 in 1 Convertible";10.1;1920;1200;1;"Intel";"Atom x5-Z8550";1.44;4;"Flash Storage";64;0;"Intel";0.69;34433;"Windows"
"HP";"Ultrabook";13.3;3840;2160;0;"Intel";"Core i7";2.7;16;"SSD";512;0;"Intel";1.3;109171;"Windows"
"Dell";"Notebook";15.6;1920;1080;0;"Intel";"Core i5";2.5;8;"SSD";256;0;"Intel";2.18;39960;"Windows"
"HP";"Notebook";14.0;1920;1080;0;"Intel";"Core i5";2.3;4;"HDD";500;0;"Intel";1.54;54931;"Windows"
"HP";"Workstation";15.6;1920;1080;0;"Intel";"Core i7";2.5;8;"SSD";256;0;"AMD";1.9;79654;"Windows"
"Lenovo";"Notebook";14.0;1920;1080;0;"Intel";"Core i5";2.3;8;"SSD";180;0;"Intel";1.7;63883;"Windows"
"HP";"Notebook";13.3;3200;1800;0;"Intel";"Pentium Dual";1.5;4;"Flash Storage";32;0;"Intel";1.29;32767;"Others"
"Acer";"Notebook";15.6;1366;768;0;"AMD";"A8-Series 7410";2.2;4;"HDD";500;0;"AMD";2.4;20619;"Windows"
"Dell";"Notebook";15.6;1366;768;0;"Intel";"Pentium Quad";1.6;4;"HDD";500;0;"Intel";2.2;20965;"Linux"
"HP";"Notebook";15.6;1366;768;0;"Intel";"Core i3";2.0;4;"HDD";1024;0;"Intel";1.86;18434;"N/A"
"Asus";"Gaming";17.3;1920;1080;0;"Intel";"Core i7";2.8;8;"Hybrid";256;1024;"Nvidia";2.7;85195;"Windows"
"Dell";"Ultrabook";13.3;1920;1080;0;"Intel";"Core i5";1.6;4;"SSD";256;0;"AMD";1.4;43602;"Windows"
"HP";"Netbook";12.5;1366;768;0;"Intel";"Core i5";2.3;4;"SSD";128;0;"Intel";2.4;85195;"Windows"
"Acer";"Notebook";15.6;1920;1080;0;"Intel";"Core i5";2.5;8;"Hybrid";256;1024;"Nvidia";2.4;42571;"Windows"
"Dell";"Notebook";15.6;1920;1080;0;"Intel";"Core i5";2.5;8;"HDD";1024;0;"AMD";2.36;34035;"Windows"
"MSI";"Gaming";17.3;1920;1080;0;"Intel";"Core i7";2.6;8;"SSD";256;0;"Nvidia";2.6;85195;"Windows"
"HP";"Notebook";15.6;1366;768;0;"Intel";"Pentium Quad";1.6;4;"HDD";1024;0;"Intel";1.96;26640;"Windows"
"Asus";"Gaming";17.3;1920;1080;0;"Intel";"Core i7";2.6;16;"Hybrid";128;1024;"Nvidia";4.3;122491;"Windows"
"Dell";"Ultrabook";12.5;1366;768;0;"Intel";"Core i3";2.3;4;"HDD";500;0;"Intel";1.5;60481;"Windows"
"Dell";"Ultrabook";12.5;1366;768;0;"Intel";"Core i3";2.3;4;"SSD";128;0;"Intel";1.5;62176;"Windows"
"Acer";"Notebook";15.6;1366;768;0;"Intel";"Celeron Dual";1.5;4;"SSD";16;0;"Intel";2.2;11136;"Others"
"HP";"Workstation";17.3;1920;1080;0;"Intel";"Core i7";2.6;8;"HDD";1024;0;"AMD";3.0;154459;"Windows"
"Lenovo";"Gaming";15.6;1920;1080;0;"Intel";"Core i7";2.8;16;"SSD";512;0;"Nvidia";2.4;63883;"Windows"
"Dell";"Ultrabook";12.5;1366;768;0;"Intel";"Core i5";2.3;8;"SSD";256;0;"Intel";1.5;75290;"Windows"
"MSI";"Gaming";17.3;1920;1080;0;"Intel";"Core i7";2.6;8;"Hybrid";128;1024;"Nvidia";2.9;80516;"Windows"
"Lenovo";"2 in 1 Convertible";15.6;1920;1080;1;"Intel";"Core i5";2.3;4;"SSD";256;0;"Intel";2.1;46194;"Windows"
"HP";"Notebook";15.6;1920;1080;0;"AMD";"A6-Series 9220";2.5;4;"HDD";1024;0;"AMD";2.1;21205;"Windows"
"Asus";"Gaming";15.6;1920;1080;0;"Intel";"Core i7";2.6;16;"Hybrid";128;1024;"Nvidia";2.59;71342;"Windows"
"HP";"Notebook";13.3;3200;1800;1;"Intel";"Core M";1.1;8;"SSD";256;0;"Intel";1.16;90523;"Windows"
"Dell";"Notebook";15.6;1366;768;0;"Intel";"Core i5";2.3;4;"HDD";500;0;"AMD";2.24;40980;"Windows"
"Lenovo";"Notebook";15.6;1366;768;0;"Intel";"Core i3";2.0;4;"SSD";128;0;"Intel";2.1;22857;"Windows"
"HP";"Ultrabook";13.3;1920;1080;0;"Intel";"Core i7";2.5;8;"SSD";512;0;"Intel";1.16;104908;"Windows"
"Lenovo";"2 in 1 Convertible";10.1;1920;1200;1;"Intel";"Atom x5-Z8550";1.44;4;"Flash Storage";64;0;"Intel";0.69;29251;"Others"
"Dell";"Ultrabook";13.3;1920;1080;0;"Intel";"Core i7";2.4;8;"SSD";256;0;"Intel";1.23;73473;"Windows"
"Lenovo";"Gaming";17.3;1920;1080;0;"Intel";"Core i7";2.7;16;"SSD";256;1024;"Nvidia";4.6;146519;"Windows"
"Razer";"Ultrabook";12.5;3840;2160;1;"Intel";"Core i7";2.5;8;"SSD";256;0;"Intel";1.25;54825;"Windows"
"Toshiba";"Ultrabook";13.3;1920;1080;0;"Intel";"Core i7";2.7;16;"SSD";512;0;"Intel";1.05;118601;"Windows"
"Asus";"Gaming";17.3;1920;1080;0;"Intel";"Core i7";2.6;8;"Hybrid";128;1024;"Nvidia";3.52;69929;"Windows"
"Vero";"Notebook";13.3;1920;1080;0;"Intel";"Atom X5-Z8350";1.44;4;"Flash Storage";32;0;"Intel";1.35;10443;"Windows"
"HP";"Notebook";13.3;1920;1080;0;"Intel";"Core i5";2.3;8;"SSD";256;0;"Intel";1.16;90043;"Windows"
"HP";"Notebook";14.0;1920;1080;0;"Intel";"Core i5";2.3;8;"SSD";256;0;"Intel";1.43;80613;"Windows"
"Dell";"Notebook";15.6;1366;768;0;"Intel";"Core i5";2.3;4;"HDD";500;0;"Intel";2.09;27899;"Linux"
"Asus";"Notebook";15.6;1366;768;0;"Intel";"Core i3";2.4;4;"HDD";1024;0;"Intel";2.0;23177;"Windows"
"Lenovo";"2 in 1 Convertible";14.0;1920;1080;1;"Intel";"Core i7";2.5;8;"SSD";256;0;"Intel";1.8;88924;"Windows"
"Lenovo";"2 in 1 Convertible";10.1;1920;1200;1;"Intel";"Atom x5-Z8550";1.44;4;"Flash Storage";64;0;"Intel";0.69;25521;"Windows"
"HP";"Ultrabook";12.5;1366;768;0;"Intel";"Core i5";2.4;8;"SSD";256;0;"Intel";1.26;100966;"Windows"
"Lenovo";"Gaming";15.6;1920;1080;0;"Intel";"Core i5";2.5;8;"Hybrid";128;1024;"Nvidia";2.4;52694;"N/A"
"HP";"Gaming";17.3;1920;1080;0;"Intel";"Core i5";2.3;8;"Hybrid";128;1024;"Nvidia";3.35;60153;"Windows"
"HP";"Notebook";15.6;1366;768;0;"Intel";"Core i7";2.7;8;"HDD";2048;0;"Intel";2.04;33513;"Windows"
"Lenovo";"2 in 1 Convertible";14.0;1920;1080;1;"Intel";"Core i7";2.6;8;"SSD";512;0;"Nvidia";1.8;109244;"Windows"
"Asus";"Notebook";14.0;1366;768;0;"Intel";"Celeron Dual";1.1;4;"Flash Storage";32;0;"Intel";1.5;14812;"Windows"
"HP";"Ultrabook";15.6;1920;1080;0;"Intel";"Core i7";2.7;8;"SSD";256;0;"Intel";1.84;40067;"Windows"
"Acer";"Notebook";15.6;1920;1080;0;"Intel";"Core i5";2.5;4;"HDD";1024;0;"Nvidia";2.23;32820;"Windows"
"Lenovo";"Notebook";15.6;1920;1080;0;"Intel";"Core i7";2.5;16;"";1024;0;"AMD";2.5;58555;"Windows"
"HP";"Workstation";17.3;1920;1080;0;"Intel";"Core i7";2.6;8;"SSD";256;0;"Nvidia";3.0;210424;"Windows"
"Dell";"Notebook";15.6;1366;768;0;"Intel";"Core i5";2.5;8;"HDD";1024;0;"AMD";2.5;41772;"Windows"
"MSI";"Gaming";17.3;1920;1080;0;"Intel";"Core i7";2.7;16;"Hybrid";256;1024;"Nvidia";3.78;127819;"Windows"
"HP";"Ultrabook";15.6;1920;1080;0;"Intel";"Core i7";2.5;8;"SSD";256;0;"Intel";1.88;115709;"Windows"
"Lenovo";"2 in 1 Convertible";14.0;2560;1440;1;"Intel";"Core i7";2.6;16;"SSD";512;0;"Intel";2.8;130003;"Windows"
"MSI";"Gaming";15.6;1920;1080;0;"Intel";"Core i7";2.8;8;"Hybrid";128;1024;"Nvidia";2.4;60888;"Windows"
"HP";"2 in 1 Convertible";13.3;1920;1080;1;"Intel";"Core i5";2.4;8;"SSD";256;0;"Intel";1.48;86793;"Windows"
"HP";"Workstation";15.6;1920;1080;0;"Intel";"Core i7";2.6;8;"SSD";256;0;"Nvidia";2.59;118761;"Windows"
"HP";"2 in 1 Convertible";13.3;2560;1440;1;"Intel";"Core i7";2.6;8;"SSD";256;0;"Intel";1.48;95851;"Windows"
"HP";"Workstation";15.6;1920;1080;0;"Intel";"Core i7";2.6;8;"SSD";256;0;"Nvidia";2.0;101179;"Windows"
"HP";"Ultrabook";12.5;1920;1080;0;"Intel";"Core i7";2.5;8;"SSD";256;0;"Intel";1.26;122381;"Windows"
"Dell";"Notebook";15.6;1920;1080;0;"Intel";"Core i7";2.7;8;"SSD";256;0;"Nvidia";2.18;53807;"Windows"
"HP";"Notebook";15.6;1920;1080;0;"Intel";"Core i5";2.3;8;"SSD";256;0;"Intel";1.88;84129;"Windows"
"Lenovo";"2 in 1 Convertible";14.0;2560;1440;1;"Intel";"Core i7";2.5;8;"SSD";256;0;"Intel";1.27;124622;"Windows"
"Lenovo";"Notebook";15.6;1366;768;0;"Intel";"Core i3";2.0;4;"HDD";1024;0;"Intel";1.9;18062;"N/A"
"HP";"Notebook";15.6;1366;768;0;"AMD";"E-Series 7110";1.8;4;"HDD";500;0;"AMD";1.86;15824;"Windows"
"Lenovo";"Notebook";15.6;1920;1080;0;"Intel";"Core i5";2.3;8;"HDD";1024;0;"AMD";2.32;31915;"N/A"
"Dell";"Gaming";15.6;1920;1080;0;"Intel";"Core i7";2.8;8;"HDD";1024;0;"Nvidia";2.62;63883;"Windows"
"Dell";"Notebook";15.6;3840;2160;1;"Intel";"Core i5";2.3;8;"SSD";256;0;"Nvidia";2.04;119916;"Windows"
"HP";"Notebook";15.6;1920;1080;0;"AMD";"A6-Series A6-9220";2.5;4;"SSD";256;0;"AMD";1.91;25515;"Windows"
"MSI";"Gaming";17.3;1920;1080;0;"Intel";"Core i7";2.8;16;"Hybrid";256;1024;"Nvidia";2.7;79536;"Windows"
"Lenovo";"Ultrabook";14.0;1920;1080;0;"Intel";"Core i7";2.6;12;"SSD";512;0;"Intel";1.4;122491;"Windows"
"Lenovo";"Notebook";15.6;1920;1080;0;"Intel";"Core i5";2.3;8;"";1024;0;"AMD";2.5;42011;"Windows"
"HP";"2 in 1 Convertible";13.3;2560;1440;1;"Intel";"Core i7";2.6;8;"SSD";512;0;"Intel";1.48;108744;"Windows"
"Lenovo";"Ultrabook";14.0;1920;1080;0;"Intel";"Core i7";2.6;8;"SSD";256;0;"Intel";1.7;79867;"Windows"
"MSI";"Gaming";14.0;1920;1080;0;"Intel";"Core i7";2.6;16;"Hybrid";256;1024;"Nvidia";1.7;94252;"Windows"
"HP";"Gaming";15.6;1920;1080;0;"Intel";"Core i7";2.8;8;"HDD";1024;0;"Nvidia";2.62;47899;"Windows"
"Lenovo";"Notebook";15.6;1366;768;0;"Intel";"Core i3";2.0;8;"HDD";1024;0;"Intel";2.2;24456;"Windows"
"HP";"Notebook";15.6;1366;768;0;"Intel";"Core i5";2.3;4;"HDD";500;0;"Intel";2.1;25414;"N/A"
"Dell";"Gaming";15.6;3840;2160;0;"Intel";"Core i7";2.8;8;"Hybrid";128;1024;"Nvidia";2.62;79813;"Windows"
"Lenovo";"Notebook";15.6;1920;1080;0;"Intel";"Core i5";2.5;8;"SSD";256;0;"Intel";1.95;74059;"Windows"
"Lenovo";"Notebook";15.6;1920;1080;0;"Intel";"Core i3";2.0;4;"HDD";1024;0;"Nvidia";2.2;24935;"Windows"
"HP";"Notebook";14.0;1366;768;0;"Intel";"Celeron Dual";1.6;2;"Flash Storage";32;0;"Intel";1.44;13267;"Windows"
"MSI";"Gaming";15.6;1920;1080;0;"Intel";"Core i7";2.7;8;"HDD";1024;0;"Nvidia";2.2;44702;"Windows"
"HP";"Notebook";15.6;1920;1080;0;"Intel";"Core i7";2.5;8;"SSD";256;0;"Intel";1.96;36177;"Windows"
"HP";"Notebook";15.6;1920;1080;0;"Intel";"Core i7";1.8;16;"SSD";512;0;"Intel";2.1;61752;"Windows"
"Asus";"Notebook";15.6;1366;768;0;"Intel";"Celeron Dual";1.6;4;"HDD";500;0;"Intel";2.2;19660;"Windows"
"Lenovo";"Notebook";15.6;1366;768;0;"Intel";"Core i5";2.3;4;"HDD";500;0;"Intel";2.1;21205;"N/A"
"Lenovo";"Notebook";15.6;1920;1080;0;"Intel";"Core i7";2.7;8;"HDD";1024;0;"Nvidia";2.2;37776;"N/A"
"Asus";"Notebook";14.0;1920;1080;0;"Intel";"Core i3";2.4;4;"SSD";256;0;"Intel";2.0;40972;"Windows"
"Lenovo";"Notebook";15.6;1920;1080;0;"Intel";"Core i7";2.5;4;"";1024;0;"Intel";2.32;43956;"Windows"
"Lenovo";"Gaming";15.6;1920;1080;0;"Intel";"Core i7";2.6;16;"SSD";512;0;"Nvidia";3.31;69530;"Windows"
"MSI";"Gaming";15.6;1920;1080;0;"Intel";"Core i7";2.6;16;"Hybrid";128;1024;"Nvidia";1.91;114732;"Windows"
"HP";"Notebook";15.6;1366;768;0;"Intel";"Core i3";2.3;4;"HDD";500;0;"Intel";2.07;34632;"Windows"
"Lenovo";"2 in 1 Convertible";14.0;2560;1440;1;"Intel";"Core i5";2.3;8;"SSD";256;0;"Intel";1.36;87219;"Windows"
"Lenovo";"Ultrabook";15.6;1920;1080;0;"Intel";"Core i7";2.7;6;"SSD";256;0;"Nvidia";1.54;44276;"Windows"
"Dell";"Notebook";15.6;1920;1080;0;"Intel";"Core i7";2.7;8;"SSD";256;0;"Nvidia";1.98;47686;"Linux"
"Acer";"Notebook";15.6;1366;768;0;"Intel";"Celeron Dual";2.0;4;"HDD";500;0;"Intel";2.1;17742;"Windows"
"HP";"Notebook";15.6;1920;1080;0;"Intel";"Core i7";2.6;6;"HDD";1024;0;"Nvidia";2.18;42571;"Windows"
"Asus";"Gaming";15.6;1920;1080;0;"Intel";"Core i7";2.6;8;"Hybrid";256;1024;"Nvidia";2.59;48432;"Windows"
"Dell";"2 in 1 Convertible";15.6;1920;1080;1;"Intel";"Core i7";2.7;16;"SSD";512;0;"Intel";2.09;62817;"Windows"
"Acer";"Notebook";15.6;1920;1080;0;"Intel";"Core i5";2.5;4;"SSD";256;0;"Nvidia";2.23;36816;"Windows"
"Dell";"Ultrabook";13.3;3200;1800;1;"Intel";"Core i5";2.4;8;"SSD";256;0;"Intel";1.23;58555;"Linux"
"Acer";"Gaming";17.3;1920;1080;0;"Intel";"Core i7";2.8;16;"Hybrid";256;1024;"Nvidia";4.2;138475;"Windows"
"Lenovo";"Gaming";15.6;1920;1080;0;"Intel";"Core i5";2.5;8;"HDD";1024;0;"Nvidia";2.4;43636;"Windows"
"Samsung";"2 in 1 Convertible";12.3;2400;1600;1;"Samsung";"Cortex A72&A53";2.0;4;"Flash Storage";32;0;"ARM";1.15;35112;"Others"
"HP";"Notebook";15.6;1366;768;0;"Intel";"Core i5";2.5;4;"HDD";500;0;"Intel";1.86;25841;"Windows"
"Apple";"Ultrabook";12.0;2304;1440;0;"Intel";"Core M";1.1;8;"Flash Storage";256;0;"Intel";0.92;61965;"Others"
"Dell";"2 in 1 Convertible";13.3;1920;1080;1;"Intel";"Core i5";2.5;8;"SSD";256;0;"Intel";1.6;63883;"Windows"
"HP";"Notebook";15.6;1920;1080;0;"Intel";"Core i7";2.8;12;"Hybrid";128;1024;"Nvidia";2.21;70703;"Windows"
"Lenovo";"Notebook";15.6;1366;768;0;"Intel";"Core i3";2.0;4;"HDD";1024;0;"AMD";1.9;19607;"N/A"
"Asus";"Gaming";17.3;1920;1080;0;"Intel";"Core i7";2.6;16;"Hybrid";512;1024;"Nvidia";4.3;114552;"Windows"
"Acer";"Notebook";15.6;1366;768;0;"Intel";"Celeron Dual";2.0;4;"HDD";1024;0;"Intel";2.1;14492;"Linux"
"MSI";"Gaming";17.3;1920;1080;0;"Intel";"Core i7";2.8;16;"Hybrid";256;1024;"Nvidia";2.43;109165;"Windows"
"Dell";"Notebook";15.6;1366;768;0;"Intel";"Core i3";2.0;4;"SSD";128;0;"AMD";2.3;26587;"Windows"
"Lenovo";"Notebook";15.6;1366;768;0;"Intel";"Core i7";2.5;8;"HDD";500;0;"Nvidia";2.2;33513;"N/A"
"Dell";"Ultrabook";13.3;3200;1800;1;"Intel";"Core i7";2.7;16;"SSD";512;0;"Intel";1.2;142790;"Windows"
"Asus";"Gaming";15.6;1920;1080;0;"Intel";"Core i7";2.6;8;"HDD";1024;0;"Nvidia";2.2;62284;"Windows"
"Dell";"Notebook";15.6;1920;1080;0;"Intel";"Core i5";2.5;8;"SSD";256;0;"AMD";2.36;47366;"Windows"
"HP";"Notebook";15.6;1366;768;0;"Intel";"Core i5";2.5;8;"SSD";256;0;"Intel";1.91;30849;"Windows"
"Lenovo";"Notebook";15.6;1366;768;0;"AMD";"E-Series 9000";2.2;4;"HDD";500;0;"AMD";2.2;15931;"Windows"
"Acer";"Notebook";17.3;1600;900;0;"Intel";"Core i3";2.0;8;"HDD";1024;0;"Nvidia";3.3;33513;"Windows"
"Asus";"Gaming";15.6;1920;1080;0;"Intel";"Core i7";2.8;16;"Hybrid";256;1024;"Nvidia";2.2;130483;"Windows"
"Apple";"Ultrabook";12.0;2304;1440;0;"Intel";"Core M";1.2;8;"Flash Storage";512;0;"Intel";0.92;68145;"Others"
"Asus";"Notebook";15.6;1920;1080;0;"Intel";"Core i7";2.8;16;"Hybrid";128;1024;"Nvidia";2.2;93187;"Windows"
"MSI";"Gaming";17.3;1920;1080;0;"Intel";"Core i7";2.6;16;"Hybrid";256;1024;"Nvidia";2.43;103842;"Windows"
"Dell";"2 in 1 Convertible";15.6;1920;1080;1;"Intel";"Core i5";2.5;8;"SSD";256;0;"Intel";2.19;53227;"Windows"
"Asus";"Gaming";17.3;1920;1080;0;"Intel";"Core i7";2.8;16;"Hybrid";256;1024;"Nvidia";2.9;103843;"Windows"
"Acer";"Netbook";11.6;1366;768;0;"Intel";"Celeron Dual";1.5;2;"SSD";32;0;"Intel";1.3;9271;"Others"
"Acer";"Notebook";17.3;1600;900;0;"Intel";"Core i3";2.0;4;"HDD";1024;0;"Nvidia";3.3;31861;"Windows"
"Lenovo";"Notebook";17.3;1600;900;0;"Intel";"Core i5";2.5;8;"HDD";1024;0;"Intel";2.8;28718;"N/A"
"Lenovo";"Gaming";15.6;1920;1080;0;"Intel";"Core i7";2.6;8;"Hybrid";128;1024;"Nvidia";2.6;67772;"Windows"
"Acer";"2 in 1 Convertible";14.0;1920;1080;1;"Intel";"Core i7";1.3;8;"SSD";256;0;"Intel";1.2;61219;"Windows"
"Lenovo";"Notebook";15.6;1920;1080;0;"Intel";"Core i7";2.6;8;"SSD";256;0;"Intel";2.3;81465;"Windows"
"MSI";"Gaming";15.6;1920;1080;0;"Intel";"Core i7";2.6;8;"Hybrid";128;1024;"Nvidia";2.2;78647;"Windows"
"HP";"Notebook";15.6;1920;1080;0;"AMD";"A12-Series 9720P";2.7;6;"HDD";1024;0;"AMD";2.1;28185;"Windows"
"Dell";"Ultrabook";12.5;1920;1080;1;"Intel";"Core i5";2.4;8;"SSD";256;0;"Intel";1.26;91288;"Windows"
"Dell";"2 in 1 Convertible";15.0;1920;1080;1;"Intel";"Core i3";2.4;4;"HDD";500;0;"Intel";2.08;27120;"Windows"
"Asus";"Notebook";15.6;1366;768;0;"Intel";"Pentium Quad";1.6;4;"HDD";1024;0;"Intel";2.65;16464;"Windows"
"Dell";"Ultrabook";13.3;3200;1800;1;"Intel";"Core i7";2.7;8;"SSD";256;0;"Intel";1.29;78695;"Windows"
"Dell";"Notebook";15.6;1366;768;0;"Intel";"Core i5";2.5;4;"HDD";1024;0;"Intel";2.18;27805;"Linux"
"Lenovo";"Gaming";15.6;1920;1080;1;"Intel";"Core i7";2.6;16;"Hybrid";128;1024;"Nvidia";2.6;54825;"Windows"
"MSI";"Gaming";15.6;1920;1080;0;"Intel";"Core i7";2.8;8;"Hybrid";128;1024;"Nvidia";2.2;61219;"Windows"
"Lenovo";"Netbook";12.5;1920;1080;1;"Intel";"Core i7";2.5;16;"SSD";512;0;"Intel";1.3;87912;"Windows"
"Razer";"Gaming";14.0;1920;1080;0;"Intel";"Core i7";2.8;16;"SSD";1024;0;"Nvidia";1.95;186427;"Windows"
"Dell";"Notebook";15.6;1366;768;1;"Intel";"Core i3";2.4;8;"HDD";1024;0;"Intel";2.3;24989;"Windows"
"MSI";"Gaming";17.3;1920;1080;0;"Intel";"Core i7";2.8;16;"Hybrid";256;1024;"Nvidia";2.7;85141;"Windows"
"Apple";"Ultrabook";11.6;1366;768;0;"Intel";"Core i5";1.6;4;"Flash Storage";256;0;"Intel";1.08;51096;"Others"
"HP";"Notebook";15.6;1920;1080;0;"Intel";"Core i3";2.0;4;"HDD";1024;0;"Intel";2.1;25468;"Windows"
"HP";"Ultrabook";14.0;2560;1440;0;"Intel";"Core i7";2.5;8;"SSD";256;0;"Intel";1.54;117120;"Windows"
"Dell";"Notebook";15.6;1366;768;0;"Intel";"Core i5";2.3;4;"HDD";500;0;"Intel";2.24;39267;"Windows"
"MSI";"Gaming";15.6;1920;1080;0;"Intel";"Core i7";2.6;8;"Hybrid";128;1024;"Nvidia";2.3;62284;"Windows"
"Lenovo";"Notebook";13.3;1920;1080;0;"Intel";"Core i7";2.7;16;"SSD";512;0;"Intel";1.4;79867;"Windows"
"Lenovo";"Notebook";15.6;1920;1080;0;"AMD";"A12-Series 9720P";3.6;6;"SSD";256;0;"AMD";2.2;31839;"Windows"
"Asus";"Ultrabook";13.3;1920;1080;0;"Intel";"Core i7";2.5;8;"SSD";256;0;"Intel";1.45;68198;"Windows"
"Acer";"Notebook";15.6;1366;768;0;"Intel";"Core i3";2.0;4;"HDD";500;0;"Intel";2.4;19277;"Linux"
"Dell";"2 in 1 Convertible";17.3;1920;1080;1;"Intel";"Core i7";2.7;16;"SSD";512;0;"Nvidia";2.77;95851;"Windows"
"HP";"Notebook";14.0;1920;1080;0;"Intel";"Core i5";2.3;4;"SSD";256;0;"Intel";1.54;58607;"Windows"
"Dell";"Notebook";14.0;1366;768;0;"Intel";"Core i5";2.5;4;"HDD";500;0;"Intel";1.6;46620;"Windows"
"Asus";"Gaming";15.6;1920;1080;0;"Intel";"Core i7";2.6;16;"Hybrid";256;1024;"Nvidia";2.34;123876;"Windows"
"Lenovo";"Notebook";15.6;1920;1080;0;"Intel";"Core i5";2.5;8;"SSD";256;0;"Intel";2.3;30529;"N/A"
"Dell";"2 in 1 Convertible";13.3;3200;1800;1;"Intel";"Core i5";1.2;8;"SSD";256;0;"Intel";1.24;96597;"Windows"
"Dell";"Notebook";15.6;1366;768;0;"Intel";"Pentium Quad";1.6;4;"HDD";500;0;"Intel";2.2;17263;"Linux"
"HP";"Notebook";15.6;1366;768;0;"AMD";"A6-Series 9220";2.5;4;"HDD";500;0;"AMD";1.86;21259;"Windows"
"Lenovo";"Notebook";15.6;1920;1080;0;"Intel";"Core i3";2.3;6;"SSD";128;0;"Nvidia";2.4;30316;"Windows"
"Lenovo";"Notebook";14.0;1920;1080;0;"Intel";"Core i5";2.3;8;"SSD";256;0;"Intel";1.9;57116;"Windows"
"Dell";"Notebook";15.6;1366;768;0;"Intel";"Pentium Quad";1.6;4;"HDD";500;0;"Intel";2.2;23656;"Windows"
"Asus";"Notebook";15.6;1366;768;0;"Intel";"Celeron Dual";1.1;4;"HDD";1024;0;"Intel";2.0;18062;"Windows"
"Asus";"Gaming";17.3;1920;1080;0;"Intel";"Core i7";2.6;16;"Hybrid";128;1024;"Nvidia";4.0;101232;"Windows"
"Dell";"Notebook";15.6;1366;768;0;"Intel";"Core i3";2.0;4;"HDD";500;0;"Intel";2.29;26107;"Windows"
"Lenovo";"Notebook";15.6;1920;1080;0;"Intel";"Core i7";2.5;8;"";1024;0;"AMD";2.32;47686;"Windows"
"MSI";"Gaming";15.6;1920;1080;0;"Intel";"Core i7";2.6;8;"Hybrid";128;1024;"Nvidia";2.4;65481;"Windows"
"Lenovo";"2 in 1 Convertible";14.0;1920;1080;1;"Intel";"Core i5";2.3;4;"SSD";128;0;"Intel";1.8;44383;"Windows"
"Asus";"Ultrabook";13.3;1920;1080;0;"Intel";"Core M";0.9;8;"SSD";512;0;"Intel";1.2;38841;"Windows"
"Dell";"Notebook";15.6;1366;768;0;"Intel";"Core i3";2.4;6;"HDD";1024;0;"Intel";2.3;24456;"Windows"
"Acer";"Notebook";15.6;1366;768;0;"Intel";"Celeron Dual";1.6;4;"HDD";500;0;"Intel";2.4;15398;"Linux"
"Dell";"Notebook";15.6;1366;768;0;"Intel";"Celeron Dual";1.6;2;"HDD";500;0;"Intel";2.2;20193;"Windows"
"Lenovo";"Notebook";15.6;1920;1080;0;"Intel";"Core i7";2.6;8;"HDD";1024;0;"Nvidia";2.6;47899;"Windows"
"HP";"Notebook";15.6;1920;1080;0;"AMD";"A9-Series 9410";2.9;6;"";1024;0;"AMD";2.04;29303;"Windows"
"Dell";"Notebook";15.6;1366;768;0;"Intel";"Core i7";2.7;8;"HDD";1024;0;"AMD";2.3;42943;"Linux"
"HP";"Netbook";11.6;1366;768;0;"Intel";"Celeron Dual";1.6;2;"Flash Storage";32;0;"Intel";1.17;11136;"Windows"
"Asus";"Notebook";15.6;1366;768;0;"Intel";"Core i7";2.5;4;"HDD";500;0;"Nvidia";2.2;38379;"Windows"
"Lenovo";"2 in 1 Convertible";14.0;1920;1080;1;"Intel";"Core i7";2.5;4;"SSD";128;0;"Intel";1.8;33993;"Windows"
"Lenovo";"2 in 1 Convertible";13.3;3200;1800;1;"Intel";"Core i7";2.5;16;"SSD";512;0;"Intel";1.3;79867;"Windows"
"Lenovo";"Notebook";14.0;1366;768;0;"Intel";"Celeron Dual";1.6;2;"Flash Storage";64;0;"Intel";1.5;12201;"Windows"
"HP";"Notebook";15.6;1366;768;0;"Intel";"Core i7";2.5;6;"HDD";1024;0;"AMD";2.19;40706;"Windows"
"Asus";"Notebook";15.6;1366;768;0;"Intel";"Celeron Dual";1.6;4;"HDD";500;0;"Intel";2.2;19660;"Windows"
"Asus";"Ultrabook";13.3;1920;1080;0;"Intel";"Core M";0.9;8;"SSD";512;0;"Intel";1.2;38841;"Windows"
"Dell";"Notebook";15.6;1366;768;0;"Intel";"Core i3";2.4;6;"HDD";1024;0;"Intel";2.3;24456;"Windows"
"Acer";"Notebook";15.6;1366;768;0;"Intel";"Celeron Dual";1.6;4;"HDD";500;0;"Intel";2.4;15398;"Linux"
"Dell";"Notebook";15.6;1366;768;0;"Intel";"Celeron Dual";1.6;2;"HDD";500;0;"Intel";2.2;20193;"Windows"
"Lenovo";"Notebook";15.6;1920;1080;0;"Intel";"Core i7";2.6;8;"HDD";1024;0;"Nvidia";2.6;47899;"Windows"
"HP";"Notebook";15.6;1920;1080;0;"AMD";"A9-Series 9410";2.9;6;"";1024;0;"AMD";2.04;29303;"Windows"
"Dell";"Notebook";15.6;1366;768;0;"Intel";"Core i7";2.7;8;"HDD";1024;0;"AMD";2.3;42943;"Linux"
"HP";"Netbook";11.6;1366;768;0;"Intel";"Celeron Dual";1.6;2;"Flash Storage";32;0;"Intel";1.17;11136;"Windows"
"Asus";"Notebook";15.6;1366;768;0;"Intel";"Core i7";2.5;4;"HDD";500;0;"Nvidia";2.2;38379;"Windows"
"Lenovo";"2 in 1 Convertible";14.0;1920;1080;1;"Intel";"Core i7";2.5;4;"SSD";128;0;"Intel";1.8;33993;"Windows"
"Lenovo";"2 in 1 Convertible";13.3;3200;1800;1;"Intel";"Core i7";2.5;16;"SSD";512;0;"Intel";1.3;79867;"Windows"
"Lenovo";"Notebook";14.0;1366;768;0;"Intel";"Celeron Dual";1.6;2;"Flash Storage";64;0;"Intel";1.5;12201;"Windows"
"HP";"Notebook";15.6;1366;768;0;"Intel";"Core i7";2.5;6;"HDD";1024;0;"AMD";2.19;40706;"Windows"
"Asus";"Notebook";15.6;1366;768;0;"Intel";"Celeron Dual";1.6;4;"HDD";500;0;"Intel";2.2;19660;"Windows"
"Asus";"Ultrabook";13.3;1920;1080;0;"Intel";"Core M";0.9;8;"SSD";512;0;"Intel";1.2;38841;"Windows"
"Dell";"Notebook";15.6;1366;768;0;"Intel";"Core i3";2.4;6;"HDD";1024;0;"Intel";2.3;24456;"Windows"
"Acer";"Notebook";15.6;1366;768;0;"Intel";"Celeron Dual";1.6;4;"HDD";500;0;"Intel";2.4;15398;"Linux"
"Dell";"Notebook";15.6;1366;768;0;"Intel";"Celeron Dual";1.6;2;"HDD";500;0;"Intel";2.2;20193;"Windows"
"Lenovo";"Notebook";15.6;1920;1080;0;"Intel";"Core i7";2.6;8;"HDD";1024;0;"Nvidia";2.6;47899;"Windows"
"HP";"Notebook";15.6;1920;1080;0;"AMD";"A9-Series 9410";2.9;6;"";1024;0;"AMD";2.04;29303;"Windows"
"Dell";"Notebook";15.6;1366;768;0;"Intel";"Core i7";2.7;8;"HDD";1024;0;"AMD";2.3;42943;"Linux"
"HP";"Netbook";11.6;1366;768;0;"Intel";"Celeron Dual";1.6;2;"Flash Storage";32;0;"Intel";1.17;11136;"Windows"
"Asus";"Notebook";15.6;1366;768;0;"Intel";"Core i7";2.5;4;"HDD";500;0;"Nvidia";2.2;38379;"Windows"
"Lenovo";"2 in 1 Convertible";14.0;1920;1080;1;"Intel";"Core i7";2.5;4;"SSD";128;0;"Intel";1.8;33993;"Windows"
"Lenovo";"2 in 1 Convertible";13.3;3200;1800;1;"Intel";"Core i7";2.5;16;"SSD";512;0;"Intel";1.3;79867;"Windows"
"Lenovo";"Notebook";14.0;1366;768;0;"Intel";"Celeron Dual";1.6;2;"Flash Storage";64;0;"Intel";1.5;12201;"Windows"
"HP";"Notebook";15.6;1366;768;0;"Intel";"Core i7";2.5;6;"HDD";1024;0;"AMD";2.19;40706;"Windows"
"Asus";"Notebook";15.6;1366;768;0;"Intel";"Celeron Dual";1.6;4;"HDD";500;0;"Intel";2.2;19660;"Windows"
